Downloading https://services.gradle.org/distributions/gradle-8.13-bin.zip
.............10%.............20%.............30%.............40%.............50%.............60%.............70%.............80%.............90%.............100%

Welcome to Gradle 8.13!

Here are the highlights of this release:
 - Daemon JVM auto-provisioning
 - Enhancements for Scala plugin and JUnit testing
 - Improvements for build authors and plugin developers

For more details see https://docs.gradle.org/8.13/release-notes.html

To honour the JVM settings for this build a single-use Daemon process will be forked. For more on this, please refer to https://docs.gradle.org/8.13/userguide/gradle_daemon.html#sec:disabling_the_daemon in the Gradle documentation.
Daemon will be stopped at the end of the build 

> Configure project :
Fabric Loom: 1.10.5
:remapping 50 mods from modImplementation (java-api)

> Task :compileJava
/home/runner/work/minecraftclient/minecraftclient/src/main/java/dev/sixseven/mixin/GameRendererMixin.java:24: warning: Cannot find target method "render(Lnet/minecraft/RenderTickCounter;Z)V" for @Inject.method="render(Lnet/minecraft/RenderTickCounter;Z)V" in net.minecraft.client.render.GameRenderer
   @Inject(
   ^
/home/runner/work/minecraftclient/minecraftclient/src/main/java/dev/sixseven/mixin/GameRendererMixin.java:24: warning: Unable to locate method mapping for @At(INVOKE.<target>) 'Lnet/minecraft/GuiRenderer;incrementFrame()V'
   @Inject(
   ^
/home/runner/work/minecraftclient/minecraftclient/src/main/java/dev/sixseven/mixin/GameRendererMixin.java:36: warning: Cannot find target method "renderWorld(Lnet/minecraft/RenderTickCounter;)V" for @Inject.method="renderWorld(Lnet/minecraft/RenderTickCounter;)V" in net.minecraft.client.render.GameRenderer
   @Inject(
   ^
/home/runner/work/minecraftclient/minecraftclient/src/main/java/dev/sixseven/mixin/GameRendererMixin.java:36: warning: Unable to locate method mapping for @At(INVOKE.<target>) 'Lcom/mojang/blaze3d/systems/RenderSystem;setProjectionMatrix(Lcom/mojang/blaze3d/buffers/GpuBufferSlice;Lnet/minecraft/ProjectionType;)V'
   @Inject(
   ^
/home/runner/work/minecraftclient/minecraftclient/src/main/java/dev/sixseven/mixin/AbstractClientPlayerMixin.java:15: warning: Unable to determine descriptor for @Inject target method
   @Inject(
   ^
/home/runner/work/minecraftclient/minecraftclient/src/main/java/dev/sixseven/mixin/KeyboardHandlerMixin.java:20: warning: Cannot find target method "onKey(JIII)V" for @Inject.method="onKey(JIII)V" in net.minecraft.client.Keyboard
   @Inject(
   ^
/home/runner/work/minecraftclient/minecraftclient/src/main/java/dev/sixseven/mixin/GuiNametagEquipmentMixin.java:14: warning: Cannot find target method "render(Lnet/minecraft/DrawContext;Lnet/minecraft/RenderTickCounter;)V" for @Inject.method="render(Lnet/minecraft/DrawContext;Lnet/minecraft/RenderTickCounter;)V" in net.minecraft.client.gui.hud.InGameHud
   @Inject(
   ^
/home/runner/work/minecraftclient/minecraftclient/src/main/java/com/swyzzyaddon/mixin/PlayerListHudMixin.java:14: warning: Unable to determine descriptor for @Inject target method
   @Inject(
   ^
/home/runner/work/minecraftclient/minecraftclient/src/main/java/com/swyzzyaddon/mixin/KeyboardInputMixin.java:14: warning: Unable to determine descriptor for @Inject target method
   @Inject(
   ^
/home/runner/work/minecraftclient/minecraftclient/src/main/java/com/swyzzyaddon/mixin/ClientPlayNetworkHandlerMixin.java:19: warning: Unable to determine descriptor for @Inject target method
   @Inject(
   ^
/home/runner/work/minecraftclient/minecraftclient/src/main/java/com/swyzzyaddon/mixin/ClientPlayNetworkHandlerMixin.java:27: warning: Unable to determine descriptor for @Inject target method
   @Inject(
   ^
/home/runner/work/minecraftclient/minecraftclient/src/main/java/com/swyzzyaddon/mixin/ClientPlayNetworkHandlerMixin.java:35: warning: Unable to determine descriptor for @Inject target method
   @Inject(
   ^
/home/runner/work/minecraftclient/minecraftclient/src/main/java/com/swyzzyaddon/mixin/ClientPlayNetworkHandlerMixin.java:43: warning: Unable to determine descriptor for @Inject target method
   @Inject(
   ^
/home/runner/work/minecraftclient/minecraftclient/src/main/java/com/swyzzyaddon/mixin/ClientPlayNetworkHandlerMixin.java:52: warning: Unable to determine descriptor for @Inject target method
   @Inject(
   ^
/home/runner/work/minecraftclient/minecraftclient/src/main/java/com/swyzzyaddon/mixin/ClientPlayNetworkHandlerMixin.java:61: warning: Unable to determine descriptor for @Inject target method
   @Inject(
   ^
/home/runner/work/minecraftclient/minecraftclient/src/main/java/com/swyzzyaddon/mixin/ClientPlayNetworkHandlerMixin.java:70: warning: Unable to determine descriptor for @Inject target method
   @Inject(
   ^
/home/runner/work/minecraftclient/minecraftclient/src/main/java/com/swyzzyaddon/mixin/ClientCommonNetworkHandlerMixin.java:13: warning: Unable to determine descriptor for @Inject target method
   @Inject(
   ^
/home/runner/work/minecraftclient/minecraftclient/src/main/java/com/swyzzyaddon/mixin/CameraMixin.java:42: warning: Unable to determine descriptor for @Inject target method
   @Inject(
   ^
/home/runner/work/minecraftclient/minecraftclient/src/main/java/com/swyzzyaddon/mixin/MouseMixin.java:28: warning: Unable to determine descriptor for @Inject target method
   @Inject(
   ^
/home/runner/work/minecraftclient/minecraftclient/src/main/java/com/swyzzyaddon/mixin/ClientWorldMixin.java:14: warning: Unable to determine descriptor for @Inject target method
   @Inject(
   ^
/home/runner/work/minecraftclient/minecraftclient/src/main/java/dev/sixseven/mixin/GuiSidebarMixin.java:52: warning: Unable to locate method mapping for @At(INVOKE.<target>) 'Lnet/minecraft/DrawContext;drawText(Lnet/minecraft/TextRenderer;Lnet/minecraft/Text;IIIZ)V'
   @ModifyArg(
   ^
/home/runner/work/minecraftclient/minecraftclient/src/main/java/dev/sixseven/mixin/GameRendererMixin.java:47: warning: Cannot find target method "render(Lnet/minecraft/RenderTickCounter;Z)V" for @ModifyArg.method="render(Lnet/minecraft/RenderTickCounter;Z)V" in net.minecraft.client.render.GameRenderer
   @ModifyArg(
   ^
/home/runner/work/minecraftclient/minecraftclient/src/main/java/dev/sixseven/mixin/GameRendererMixin.java:47: warning: Unable to locate method mapping for @At(INVOKE.<target>) 'Lnet/minecraft/GlobalSettings;set(IIDJLnet/minecraft/RenderTickCounter;ILnet/minecraft/Camera;Z)V'
   @ModifyArg(
   ^
/home/runner/work/minecraftclient/minecraftclient/src/main/java/dev/sixseven/mixin/CameraFreeLookMixin.java:15: warning: Unable to locate method mapping for @At(INVOKE.<target>) 'Lnet/minecraft/Camera;setRotation(FF)V'
   @ModifyArgs(
   ^
/home/runner/work/minecraftclient/minecraftclient/src/main/java/dev/sixseven/mixin/GuiSidebarMixin.java:32: warning: Unable to locate method mapping for @At(INVOKE.<target>) 'Lnet/minecraft/TextRenderer;getWidth(Lnet/minecraft/StringVisitable;)I'
   @Redirect(
   ^
/home/runner/work/minecraftclient/minecraftclient/src/main/java/dev/sixseven/mixin/ChatComponentMixin.java:13: warning: Cannot find target method "addMessage(Lnet/minecraft/Text;Lnet/minecraft/MessageSignatureData;Lnet/minecraft/MessageIndicator;)V" for @ModifyVariable.method="addMessage(Lnet/minecraft/Text;Lnet/minecraft/MessageSignatureData;Lnet/minecraft/MessageIndicator;)V" in net.minecraft.client.gui.hud.ChatHud
   @ModifyVariable(
   ^
/home/runner/work/minecraftclient/minecraftclient/src/main/java/com/swyzzyaddon/mixin/TextVisitFactoryMixin.java:11: warning: Cannot find target method "method_27473(Ljava/lang/String;ILnet/minecraft/class_2583;Lnet/minecraft/class_2583;Lnet/minecraft/class_5224;)Z" for @ModifyVariable.method="method_27473(Ljava/lang/String;ILnet/minecraft/class_2583;Lnet/minecraft/class_2583;Lnet/minecraft/class_5224;)Z" in net.minecraft.text.TextVisitFactory
   @ModifyVariable(
   ^
/home/runner/work/minecraftclient/minecraftclient/src/main/java/dev/sixseven/mixin/GameRendererMixin.java:73: warning: Cannot find target method "getFov(Lnet/minecraft/Camera;FZ)F" for @ModifyExpressionValue.method="getFov(Lnet/minecraft/Camera;FZ)F" in net.minecraft.client.render.GameRenderer
   @ModifyExpressionValue(
   ^
/home/runner/work/minecraftclient/minecraftclient/src/main/java/dev/sixseven/mixin/GameRendererMixin.java:73: warning: Unable to locate method mapping for @At(INVOKE.<target>) 'Lnet/minecraft/MathHelper;lerp(FFF)F'
   @ModifyExpressionValue(
   ^
/home/runner/work/minecraftclient/minecraftclient/src/main/java/dev/sixseven/mixin/GameRendererMixin.java:86: warning: Unable to locate method mapping for @At(INVOKE.<target>) 'Lnet/minecraft/Perspective;isFirstPerson()Z'
   @ModifyExpressionValue(
   ^
/home/runner/work/minecraftclient/minecraftclient/src/main/java/dev/sixseven/mixin/EquipmentLayerRendererMixin.java:18: warning: Cannot find target method "render(Lnet/minecraft/EquipmentModel$LayerType;Lnet/minecraft/RegistryKey;Lnet/minecraft/Model;Ljava/lang/Object;Lnet/minecraft/ItemStack;Lnet/minecraft/MatrixStack;Lnet/minecraft/OrderedRenderCommandQueue;ILnet/minecraft/Identifier;II)V" for @ModifyExpressionValue.method="render(Lnet/minecraft/EquipmentModel$LayerType;Lnet/minecraft/RegistryKey;Lnet/minecraft/Model;Ljava/lang/Object;Lnet/minecraft/ItemStack;Lnet/minecraft/MatrixStack;Lnet/minecraft/OrderedRenderCommandQueue;ILnet/minecraft/Identifier;II)V" in net.minecraft.client.render.entity.equipment.EquipmentRenderer
   @ModifyExpressionValue(
   ^
/home/runner/work/minecraftclient/minecraftclient/src/main/java/dev/sixseven/mixin/EquipmentLayerRendererMixin.java:18: warning: Unable to locate method mapping for @At(INVOKE.<target>) 'Lnet/minecraft/ItemStack;get(Lnet/minecraft/ComponentType;)Ljava/lang/Object;'
   @ModifyExpressionValue(
   ^
/home/runner/work/minecraftclient/minecraftclient/src/main/java/dev/sixseven/mixin/MouseHandlerMixin.java:66: warning: Unable to locate method mapping for @At(INVOKE.<target>) 'Lnet/minecraft/SimpleOption;getValue()Ljava/lang/Object;'
   @ModifyExpressionValue(
   ^
/home/runner/work/minecraftclient/minecraftclient/src/main/java/dev/sixseven/mixin/MouseHandlerMixin.java:66: warning: Unable to locate method mapping for @Slice[](from=@At(INVOKE.<target>)) 'Lnet/minecraft/GameOptions;getMouseSensitivity()Lnet/minecraft/SimpleOption;'
   @ModifyExpressionValue(
   ^
/home/runner/work/minecraftclient/minecraftclient/src/main/java/dev/sixseven/mixin/LightTextureMixin.java:13: warning: Unable to locate method mapping for @At(INVOKE.<target>) 'Lnet/minecraft/SimpleOption;getValue()Ljava/lang/Object;'
   @ModifyExpressionValue(
   ^
/home/runner/work/minecraftclient/minecraftclient/src/main/java/dev/sixseven/mixin/LightTextureMixin.java:13: warning: Unable to locate method mapping for @Slice[](from=@At(INVOKE.<target>)) 'Lnet/minecraft/GameOptions;getGamma()Lnet/minecraft/SimpleOption;'
   @ModifyExpressionValue(
   ^
/home/runner/work/minecraftclient/minecraftclient/src/main/java/dev/sixseven/mixin/GuiCrosshairMixin.java:29: warning: Unable to locate method mapping for @At(INVOKE.<target>) 'Lnet/minecraft/Perspective;isFirstPerson()Z'
   @ModifyExpressionValue(
   ^
/home/runner/work/minecraftclient/minecraftclient/src/main/java/dev/sixseven/mixin/GameRendererMixin.java:59: warning: Cannot find target method "getFov(Lnet/minecraft/Camera;FZ)F" for @ModifyReturnValue.method="getFov(Lnet/minecraft/Camera;FZ)F" in net.minecraft.client.render.GameRenderer
   @ModifyReturnValue(
   ^
/home/runner/work/minecraftclient/minecraftclient/src/main/java/com/swyzzyaddon/mixin/MouseMixin.java:15: warning: Unable to determine descriptor for @WrapOperation target method
   @WrapOperation(
   ^
/home/runner/work/minecraftclient/minecraftclient/src/main/java/com/swyzzyaddon/mixin/MouseMixin.java:15: warning: Unable to locate method mapping for @At(INVOKE.<target>) 'Lnet/minecraft/class_746;method_5872(DD)V'
   @WrapOperation(
   ^
/home/runner/work/minecraftclient/minecraftclient/src/main/java/com/swyzzyaddon/mixin/CameraMixin.java:20: warning: Cannot find target for @Shadow field in net.minecraft.client.render.Camera
   @Shadow
   ^
/home/runner/work/minecraftclient/minecraftclient/src/main/java/dev/sixseven/module/misc/StaffListModule.java:137: error: cannot find symbol
            client.getSoundManager().play(PositionedSoundInstance.ui(SoundEvents.BLOCK_NOTE_BLOCK_BELL.value(), 1.5F));
                                                                 ^
  symbol:   method ui(SoundEvent,float)
  location: class PositionedSoundInstance
/home/runner/work/minecraftclient/minecraftclient/src/main/java/dev/sixseven/module/misc/WeatherNotifierModule.java:83: error: cannot find symbol
            client.getSoundManager().play(PositionedSoundInstance.ui(SoundEvents.BLOCK_NOTE_BLOCK_BELL.value(), f));
                                                                 ^
  symbol:   method ui(SoundEvent,float)
  location: class PositionedSoundInstance
/home/runner/work/minecraftclient/minecraftclient/src/main/java/dev/sixseven/module/misc/NameProtectModule.java:108: error: cannot find symbol
      linkedHashMap.entrySet().removeIf(arg -> arg.getKey().equalsIgnoreCase(arg.getValue()));
                                                  ^
  symbol:   method getKey()
  location: variable arg of type Object
/home/runner/work/minecraftclient/minecraftclient/src/main/java/dev/sixseven/module/misc/NameProtectModule.java:108: error: cannot find symbol
      linkedHashMap.entrySet().removeIf(arg -> arg.getKey().equalsIgnoreCase(arg.getValue()));
                                                                                ^
  symbol:   method getValue()
  location: variable arg of type Object
/home/runner/work/minecraftclient/minecraftclient/src/main/java/dev/sixseven/module/misc/NameProtectModule.java:180: error: variable text is already defined in method rewrite(Text)
            } else if (value instanceof String text) {
                                               ^
/home/runner/work/minecraftclient/minecraftclient/src/main/java/dev/sixseven/module/misc/SkinProtectModule.java:108: error: cannot find symbol
         gameProfile.properties().putAll(linkedHashMultimap);
                    ^
  symbol:   method properties()
  location: variable gameProfile of type GameProfile
/home/runner/work/minecraftclient/minecraftclient/src/main/java/dev/sixseven/module/misc/SkinProtectModule.java:111: error: incompatible types: Optional<SkinTextures> cannot be converted to SkinTextures
                this.replacement = skinTextures;;
                                   ^
/home/runner/work/minecraftclient/minecraftclient/src/main/java/dev/sixseven/module/render/ChunkFinderModule.java:111: error: incompatible types: Object cannot be converted to Long
         for (Long lRaw : set) { long l = lRaw;
                          ^
/home/runner/work/minecraftclient/minecraftclient/src/main/java/dev/sixseven/module/misc/FakePayModule.java:136: error: cannot find symbol
      client.getSoundManager().play(PositionedSoundInstance.ui(sound, f));
                                                           ^
  symbol:   method ui(SoundEvent,float)
  location: class PositionedSoundInstance
/home/runner/work/minecraftclient/minecraftclient/src/main/java/dev/sixseven/suschunk/SusChunkScanner.java:194: error: incompatible types: Object cannot be converted to BlockPos
         for (BlockPos pos : list) {
                             ^
/home/runner/work/minecraftclient/minecraftclient/src/main/java/dev/sixseven/suschunk/SusChunkScanner.java:448: error: incompatible types: no instance(s) of type variable(s) E exist so that List<E> conforms to Set<Long>
            list2.add(new SusChunkScanner.Zone(List.copyOf(list3), Set.copyOf(set), currentScore2, d / (double)list3.size(), currentScore / (double)list3.size()));
                      ^
  where E is a type-variable:
    E extends Object declared in method <E>copyOf(Collection<? extends E>)
/home/runner/work/minecraftclient/minecraftclient/src/main/java/dev/sixseven/suschunk/SusChunkScanner.java:451: error: incompatible types: inference variable E has incompatible bounds
         return List.copyOf(list2);
                           ^
    equality constraints: Geode
    lower bounds: Zone
  where E is a type-variable:
    E extends Object declared in method <E>copyOf(Collection<? extends E>)
/home/runner/work/minecraftclient/minecraftclient/src/main/java/dev/sixseven/gui/IconPickerScreen.java:119: error: cannot find symbol
         matrix3x2fStack.pushMatrix();
                        ^
  symbol:   method pushMatrix()
  location: variable matrix3x2fStack of type MatrixStack
/home/runner/work/minecraftclient/minecraftclient/src/main/java/dev/sixseven/gui/IconPickerScreen.java:120: error: no suitable method found for translate(float,float)
         matrix3x2fStack.translate(f7 * f6, f8 * f6);
                        ^
    method MatrixStack.translate(double,double,double) is not applicable
      (actual and formal argument lists differ in length)
    method MatrixStack.translate(float,float,float) is not applicable
      (actual and formal argument lists differ in length)
    method MatrixStack.translate(Vec3d) is not applicable
      (actual and formal argument lists differ in length)
/home/runner/work/minecraftclient/minecraftclient/src/main/java/dev/sixseven/gui/IconPickerScreen.java:121: error: method scale in class MatrixStack cannot be applied to given types;
         matrix3x2fStack.scale(f9, f9);
                        ^
  required: float,float,float
  found:    float,float
  reason: actual and formal argument lists differ in length
/home/runner/work/minecraftclient/minecraftclient/src/main/java/dev/sixseven/gui/IconPickerScreen.java:123: error: cannot find symbol
         matrix3x2fStack.popMatrix();
                        ^
  symbol:   method popMatrix()
  location: variable matrix3x2fStack of type MatrixStack
/home/runner/work/minecraftclient/minecraftclient/src/main/java/dev/sixseven/gui/IconPickerScreen.java:337: error: cannot find symbol
            this.colorWidget.mouseClicked((double)f, (double)f3, _cb);
                                                                 ^
  symbol:   variable _cb
  location: class IconPickerScreen
/home/runner/work/minecraftclient/minecraftclient/src/main/java/dev/sixseven/gui/IconPickerScreen.java:363: error: cannot find symbol
               if (_cb == 1) {
                   ^
  symbol:   variable _cb
  location: class IconPickerScreen
/home/runner/work/minecraftclient/minecraftclient/src/main/java/dev/sixseven/gui/IconPickerScreen.java:365: error: cannot find symbol
               } else if (_cb == 0) {
                          ^
  symbol:   variable _cb
  location: class IconPickerScreen
/home/runner/work/minecraftclient/minecraftclient/src/main/java/dev/sixseven/gui/IconPickerScreen.java:457: error: cannot find symbol
         return super.keyPressed(_key, _scan, _mods);
                                              ^
  symbol:   variable _mods
  location: class IconPickerScreen
/home/runner/work/minecraftclient/minecraftclient/src/main/java/dev/sixseven/hud/components/RadarHud.java:102: error: cannot find symbol
                     int step = NVGImages.wrapGlTexture(abstractClientPlayerEntity.getSkin().texture(), 64, 64);
                                                                                  ^
  symbol:   method getSkin()
  location: variable abstractClientPlayerEntity of type AbstractClientPlayerEntity
/home/runner/work/minecraftclient/minecraftclient/src/main/java/dev/sixseven/render/StorageEspRenderer.java:119: error: incompatible types: Vec3d cannot be converted to Vector3fc
            Vector3fc camera = client.gameRenderer.getCamera().getPos();
                                                                     ^
/home/runner/work/minecraftclient/minecraftclient/src/main/java/dev/sixseven/render/MiscBlockEspRenderer.java:28: error: incompatible types: bad type in conditional expression
            Vector3fc client = found2 ? MinecraftClient.getInstance().gameRenderer.getCamera().getPos() : null;
                                                                                                     ^
    Vec3d cannot be converted to Vector3fc
/home/runner/work/minecraftclient/minecraftclient/src/main/java/dev/sixseven/render/WorldNametagRenderer.java:254: error: cannot find symbol
                                    MatrixStack matrix3x2fStack = context.getMatrices();
                                    ^
  symbol:   class MatrixStack
  location: class WorldNametagRenderer
/home/runner/work/minecraftclient/minecraftclient/src/main/java/dev/sixseven/render/BlockOutlineRenderer.java:31: error: cannot find symbol
        return mod.pulse.get() ? (float)(Math.sin(t * 2.0 * Math.PI * mod.pulseSpeed.getFloat()) * 0.5 + 0.5) : 1.0f;
                  ^
  symbol:   variable pulse
  location: variable mod of type BlockOutlineModule
/home/runner/work/minecraftclient/minecraftclient/src/main/java/dev/sixseven/render/BlockOutlineRenderer.java:31: error: cannot find symbol
        return mod.pulse.get() ? (float)(Math.sin(t * 2.0 * Math.PI * mod.pulseSpeed.getFloat()) * 0.5 + 0.5) : 1.0f;
                                                                         ^
  symbol:   variable pulseSpeed
  location: variable mod of type BlockOutlineModule
/home/runner/work/minecraftclient/minecraftclient/src/main/java/dev/sixseven/render/HoleEspRenderer.java:72: error: incompatible types: bad type in conditional expression
         Vector3fc client = found ? MinecraftClient.getInstance().gameRenderer.getCamera().getPos() : null;
                                                                                                 ^
    Vec3d cannot be converted to Vector3fc
/home/runner/work/minecraftclient/minecraftclient/src/main/java/dev/sixseven/render/HoleEspRenderer.java:74: error: incompatible types: Object cannot be converted to Hole
         for (HoleEspRenderer.Hole hole : list) {
                                          ^
/home/runner/work/minecraftclient/minecraftclient/src/main/java/dev/sixseven/render/HitParticleRenderer.java:63: error: incompatible types: Object cannot be converted to Shock
            for (HitParticlesModule.Shock shock : deque2) {
                                                  ^
/home/runner/work/minecraftclient/minecraftclient/src/main/java/dev/sixseven/render/HitParticleRenderer.java:69: error: incompatible types: Object cannot be converted to HitParticle
            for (HitParticlesModule.HitParticle hitParticle : deque) {
                                                              ^
/home/runner/work/minecraftclient/minecraftclient/src/main/java/dev/sixseven/render/HitParticleRenderer.java:82: error: incompatible types: Object cannot be converted to HitParticle
            for (HitParticlesModule.HitParticle hitParticle2 : deque) {
                                                               ^
/home/runner/work/minecraftclient/minecraftclient/src/main/java/dev/sixseven/render/HitParticleRenderer.java:95: error: cannot find symbol
               VertexConsumer consumer3 = immediate.getBuffer(RenderLayers.entityTranslucentEmissive(TEXTURE_67));
                                                                          ^
  symbol:   method entityTranslucentEmissive(Identifier)
  location: class RenderLayers
/home/runner/work/minecraftclient/minecraftclient/src/main/java/dev/sixseven/render/HitParticleRenderer.java:97: error: incompatible types: Object cannot be converted to HitParticle
               for (HitParticlesModule.HitParticle hitParticle3 : deque) {
                                                                  ^
/home/runner/work/minecraftclient/minecraftclient/src/main/java/dev/sixseven/render/AccessoryRenderer.java:105: error: cannot find symbol
            VertexConsumer consumer4 = immediate.getBuffer(RenderLayers.entityTranslucentEmissive(TEXTURE_67));
                                                                       ^
  symbol:   method entityTranslucentEmissive(Identifier)
  location: class RenderLayers
/home/runner/work/minecraftclient/minecraftclient/src/main/java/dev/sixseven/render/AccessoryRenderer.java:252: error: incompatible types: Object cannot be converted to TrailNode
         for (CustomAccessoriesModule.TrailNode trailNode2 : deque) {
                                                             ^
/home/runner/work/minecraftclient/minecraftclient/src/main/java/dev/sixseven/render/AccessoryRenderer.java:298: error: incompatible types: Object cannot be converted to TrailNode
      for (CustomAccessoriesModule.TrailNode trailNode : deque) {
                                                         ^
/home/runner/work/minecraftclient/minecraftclient/src/main/java/dev/sixseven/render/AccessoryRenderer.java:330: error: incompatible types: Object cannot be converted to TrailNode
      for (CustomAccessoriesModule.TrailNode trailNode : deque) {
                                                         ^
/home/runner/work/minecraftclient/minecraftclient/src/main/java/dev/sixseven/render/BlockEspRenderer.java:114: error: bad operand types for binary operator '&'
            int n9 = map.getOrDefault(hit.block(), n) & 16777215;
                                                      ^
  first type:  Object
  second type: int
/home/runner/work/minecraftclient/minecraftclient/src/main/java/dev/sixseven/render/BlockEspRenderer.java:154: error: incompatible types: Vec3d cannot be converted to Vector3fc
            Vector3fc client = MinecraftClient.getInstance().gameRenderer.getCamera().getPos();
                                                                                            ^
/home/runner/work/minecraftclient/minecraftclient/src/main/java/dev/sixseven/render/BlockEspRenderer.java:157: error: bad operand types for binary operator '&'
               int n12 = map.getOrDefault(hit2.block(), n) & 16777215;
                                                           ^
  first type:  Object
  second type: int
/home/runner/work/minecraftclient/minecraftclient/src/main/java/dev/sixseven/render/BlockEntityEspRenderer.java:31: error: incompatible types: bad type in conditional expression
            Vector3fc camera = found2 ? client.gameRenderer.getCamera().getPos() : null;
                                                                              ^
    Vec3d cannot be converted to Vector3fc
/home/runner/work/minecraftclient/minecraftclient/src/main/java/dev/sixseven/render/BlockEntityEspRenderer.java:33: error: incompatible types: Object cannot be converted to Cached
            for (BlockEntityEspModule.Cached cached : collection) {
                                                      ^
/home/runner/work/minecraftclient/minecraftclient/src/main/java/dev/sixseven/render/nanovg/NVGImages.java:95: error: cannot find symbol
         int localZ = client.getGlId();
                            ^
  symbol:   method getGlId()
  location: variable client of type AbstractTexture
/home/runner/work/minecraftclient/minecraftclient/src/main/java/dev/sixseven/render/JumpCircleRenderer.java:41: error: cannot find symbol
            VertexConsumer consumer = immediate.getBuffer(RenderLayers.entityTranslucentEmissive(TEXTURE_67));
                                                                      ^
  symbol:   method entityTranslucentEmissive(Identifier)
  location: class RenderLayers
/home/runner/work/minecraftclient/minecraftclient/src/main/java/dev/sixseven/render/JumpCircleRenderer.java:43: error: incompatible types: Object cannot be converted to JumpCircle
            for (JumpCirclesModule.JumpCircle jumpCircle : deque) {
                                                           ^
/home/runner/work/minecraftclient/minecraftclient/src/main/java/dev/sixseven/render/JumpCircleRenderer.java:48: error: cannot find symbol
               VertexConsumer consumer2 = immediate.getBuffer(RenderLayers.entityTranslucentEmissive(TEXTURE_RING));
                                                                          ^
  symbol:   method entityTranslucentEmissive(Identifier)
  location: class RenderLayers
/home/runner/work/minecraftclient/minecraftclient/src/main/java/dev/sixseven/render/JumpCircleRenderer.java:50: error: incompatible types: Object cannot be converted to JumpCircle
               for (JumpCirclesModule.JumpCircle jumpCircle2 : deque) {
                                                               ^
/home/runner/work/minecraftclient/minecraftclient/src/main/java/dev/sixseven/util/UiSounds.java:25: error: cannot find symbol
         MinecraftClient.getInstance().getSoundManager().play(PositionedSoundInstance.ui(sound, f));
                                                                                     ^
  symbol:   method ui(SoundEvent,float)
  location: class PositionedSoundInstance
/home/runner/work/minecraftclient/minecraftclient/src/main/java/dev/sixseven/suschunk/ServerLightCache.java:174: error: incompatible types: List<Object> cannot be converted to List<BlockPos>
      return (List<BlockPos>)(list == null ? List.of() : list);
                             ^
/home/runner/work/minecraftclient/minecraftclient/src/main/java/dev/sixseven/mixin/LocalPlayerFreecamMixin.java:30: error: incompatible types: LocalPlayerFreecamMixin cannot be converted to ClientPlayerEntity
      ClientPlayerEntity player = (ClientPlayerEntity)this;
                                                      ^
/home/runner/work/minecraftclient/minecraftclient/src/main/java/dev/sixseven/mixin/LocalPlayerFreecamMixin.java:35: error: incompatible types: ClientPlayerEntity cannot be converted to MinecraftClient
            FreecamModule.reapplyBodyInput(player);
                                           ^
/home/runner/work/minecraftclient/minecraftclient/src/main/java/dev/sixseven/mixin/GuiSidebarMixin.java:28: error: cannot find symbol
         temp.beginSidebar();
         ^
  symbol:   variable temp
  location: class GuiSidebarMixin
/home/runner/work/minecraftclient/minecraftclient/src/main/java/dev/sixseven/mixin/GuiSidebarMixin.java:42: error: cannot find symbol
      if (fakeStatsModule != null && temp2 instanceof Text text) {
                                     ^
  symbol:   variable temp2
  location: class GuiSidebarMixin
/home/runner/work/minecraftclient/minecraftclient/src/main/java/dev/sixseven/mixin/GuiSidebarMixin.java:44: error: cannot find symbol
            return temp.getWidth(fakeStatsModule.rewriteForWidth(text));
                   ^
  symbol:   variable temp
  location: class GuiSidebarMixin
/home/runner/work/minecraftclient/minecraftclient/src/main/java/dev/sixseven/mixin/GuiSidebarMixin.java:49: error: cannot find symbol
      return temp.getWidth(temp2);
                           ^
  symbol:   variable temp2
  location: class GuiSidebarMixin
/home/runner/work/minecraftclient/minecraftclient/src/main/java/dev/sixseven/mixin/GuiSidebarMixin.java:49: error: cannot find symbol
      return temp.getWidth(temp2);
             ^
  symbol:   variable temp
  location: class GuiSidebarMixin
/home/runner/work/minecraftclient/minecraftclient/src/main/java/dev/sixseven/mixin/GuiSidebarMixin.java:65: error: cannot find symbol
            return fakeStatsModule.rewriteForDraw(temp);
                                                  ^
  symbol:   variable temp
  location: class GuiSidebarMixin
/home/runner/work/minecraftclient/minecraftclient/src/main/java/dev/sixseven/mixin/GuiSidebarMixin.java:70: error: cannot find symbol
      return temp;
             ^
  symbol:   variable temp
  location: class GuiSidebarMixin
/home/runner/work/minecraftclient/minecraftclient/src/main/java/dev/sixseven/mixin/MouseHandlerFreecamMixin.java:29: error: variable d is already defined in method sixsevenclient$freecamMouse(double,CallbackInfo)
            double d = (Double)client.options.getMouseSensitivity().getValue() * 0.6 + 0.2;
                   ^
/home/runner/work/minecraftclient/minecraftclient/src/main/java/dev/sixseven/mixin/MouseHandlerFreecamMixin.java:36: error: cannot find symbol
            temp.cancel();
            ^
  symbol:   variable temp
  location: class MouseHandlerFreecamMixin
/home/runner/work/minecraftclient/minecraftclient/src/main/java/dev/sixseven/mixin/EntityFreecamMixin.java:20: error: incompatible types: EntityFreecamMixin cannot be converted to Entity
      Entity entity = (Entity)this;
                              ^
/home/runner/work/minecraftclient/minecraftclient/src/main/java/dev/sixseven/mixin/EntityFreecamMixin.java:22: error: cannot find symbol
      if (client.player != null && entity == client.player && temp == client.player) {
                                                              ^
  symbol:   variable temp
  location: class EntityFreecamMixin
/home/runner/work/minecraftclient/minecraftclient/src/main/java/dev/sixseven/mixin/EntityFreecamMixin.java:25: error: cannot find symbol
            temp2.setReturnValue(false);
            ^
  symbol:   variable temp2
  location: class EntityFreecamMixin
/home/runner/work/minecraftclient/minecraftclient/src/main/java/dev/sixseven/mixin/EntityFreeLookMixin.java:20: error: incomparable types: EntityFreeLookMixin and ClientPlayerEntity
      if (this == client.player) {
               ^
/home/runner/work/minecraftclient/minecraftclient/src/main/java/dev/sixseven/mixin/EntityFreeLookMixin.java:23: error: cannot find symbol
            freeLookModule.addCameraLook(temp, temp3);
                                         ^
  symbol:   variable temp
  location: class EntityFreeLookMixin
/home/runner/work/minecraftclient/minecraftclient/src/main/java/dev/sixseven/mixin/EntityFreeLookMixin.java:23: error: cannot find symbol
            freeLookModule.addCameraLook(temp, temp3);
                                               ^
  symbol:   variable temp3
  location: class EntityFreeLookMixin
/home/runner/work/minecraftclient/minecraftclient/src/main/java/dev/sixseven/mixin/EntityFreeLookMixin.java:24: error: cannot find symbol
            temp2.cancel();
            ^
  symbol:   variable temp2
  location: class EntityFreeLookMixin
/home/runner/work/minecraftclient/minecraftclient/src/main/java/dev/sixseven/mixin/GameRendererMixin.java:44: error: cannot find symbol
      WorldProjection.capture(temp2, temp.getTickProgress(false));
                              ^
  symbol:   variable temp2
  location: class GameRendererMixin
/home/runner/work/minecraftclient/minecraftclient/src/main/java/dev/sixseven/mixin/GameRendererMixin.java:44: error: cannot find symbol
      WorldProjection.capture(temp2, temp.getTickProgress(false));
                                     ^
  symbol:   variable temp
  location: class GameRendererMixin
/home/runner/work/minecraftclient/minecraftclient/src/main/java/dev/sixseven/mixin/GameRendererMixin.java:56: error: cannot find symbol
      return BlurHook.apply(temp);
                            ^
  symbol:   variable temp
  location: class GameRendererMixin
/home/runner/work/minecraftclient/minecraftclient/src/main/java/dev/sixseven/mixin/GameRendererMixin.java:66: error: package temp does not exist
         double d = temp.zoom.currentFactor();
                        ^
/home/runner/work/minecraftclient/minecraftclient/src/main/java/dev/sixseven/mixin/GameRendererMixin.java:67: error: cannot find symbol
         return d > 1.0001 ? (float)((double)temp2 / d) : temp2;
                                             ^
  symbol:   variable temp2
  location: class GameRendererMixin
/home/runner/work/minecraftclient/minecraftclient/src/main/java/dev/sixseven/mixin/GameRendererMixin.java:67: error: cannot find symbol
         return d > 1.0001 ? (float)((double)temp2 / d) : temp2;
                                                          ^
  symbol:   variable temp2
  location: class GameRendererMixin
/home/runner/work/minecraftclient/minecraftclient/src/main/java/dev/sixseven/mixin/GameRendererMixin.java:69: error: cannot find symbol
         return temp;
                ^
  symbol:   variable temp
  location: class GameRendererMixin
/home/runner/work/minecraftclient/minecraftclient/src/main/java/dev/sixseven/mixin/GameRendererMixin.java:83: error: cannot find symbol
      return moduleManager != null && moduleManager.customFov != null ? moduleManager.customFov.fovMultiplier(temp) : temp;
                                                                                                              ^
  symbol:   variable temp
  location: class GameRendererMixin
/home/runner/work/minecraftclient/minecraftclient/src/main/java/dev/sixseven/mixin/GameRendererMixin.java:83: error: cannot find symbol
      return moduleManager != null && moduleManager.customFov != null ? moduleManager.customFov.fovMultiplier(temp) : temp;
                                                                                                                      ^
  symbol:   variable temp
  location: class GameRendererMixin
/home/runner/work/minecraftclient/minecraftclient/src/main/java/dev/sixseven/mixin/GameRendererMixin.java:95: error: cannot find symbol
      return freecamModule != null && freecamModule.isActive() && freecamModule.renderHands() ? true : temp;
                                                                                                       ^
  symbol:   variable temp
  location: class GameRendererMixin
/home/runner/work/minecraftclient/minecraftclient/src/main/java/dev/sixseven/mixin/EquipmentLayerRendererMixin.java:28: error: cannot find symbol
         return temp;
                ^
  symbol:   variable temp
  location: class EquipmentLayerRendererMixin
/home/runner/work/minecraftclient/minecraftclient/src/main/java/dev/sixseven/mixin/EquipmentLayerRendererMixin.java:32: error: cannot find symbol
            return !armorTrimHiderModule.affectsOwn() && sixsevenclient$isLocalPlayer(temp3) ? temp : armorTrimHiderModule.mapTrim(temp2, (ArmorTrim)temp);
                                                                                      ^
  symbol:   variable temp3
  location: class EquipmentLayerRendererMixin
/home/runner/work/minecraftclient/minecraftclient/src/main/java/dev/sixseven/mixin/EquipmentLayerRendererMixin.java:32: error: cannot find symbol
            return !armorTrimHiderModule.affectsOwn() && sixsevenclient$isLocalPlayer(temp3) ? temp : armorTrimHiderModule.mapTrim(temp2, (ArmorTrim)temp);
                                                                                               ^
  symbol:   variable temp
  location: class EquipmentLayerRendererMixin
/home/runner/work/minecraftclient/minecraftclient/src/main/java/dev/sixseven/mixin/EquipmentLayerRendererMixin.java:32: error: cannot find symbol
            return !armorTrimHiderModule.affectsOwn() && sixsevenclient$isLocalPlayer(temp3) ? temp : armorTrimHiderModule.mapTrim(temp2, (ArmorTrim)temp);
                                                                                                                                   ^
  symbol:   variable temp2
  location: class EquipmentLayerRendererMixin
/home/runner/work/minecraftclient/minecraftclient/src/main/java/dev/sixseven/mixin/EquipmentLayerRendererMixin.java:32: error: cannot find symbol
            return !armorTrimHiderModule.affectsOwn() && sixsevenclient$isLocalPlayer(temp3) ? temp : armorTrimHiderModule.mapTrim(temp2, (ArmorTrim)temp);
                                                                                                                                                     ^
  symbol:   variable temp
  location: class EquipmentLayerRendererMixin
/home/runner/work/minecraftclient/minecraftclient/src/main/java/dev/sixseven/mixin/EquipmentLayerRendererMixin.java:34: error: cannot find symbol
            return temp;
                   ^
  symbol:   variable temp
  location: class EquipmentLayerRendererMixin
/home/runner/work/minecraftclient/minecraftclient/src/main/java/dev/sixseven/mixin/EquipmentLayerRendererMixin.java:40: error: cannot find symbol
      if (!(temp instanceof PlayerEntityRenderState playerEntityRenderState)) {
            ^
  symbol:   variable temp
  location: class EquipmentLayerRendererMixin
/home/runner/work/minecraftclient/minecraftclient/src/main/java/dev/sixseven/mixin/MultiPlayerGameModeAttackMixin.java:24: error: cannot find symbol
            moduleManager.hitParticles.onHit(temp);
                                             ^
  symbol:   variable temp
  location: class MultiPlayerGameModeAttackMixin
/home/runner/work/minecraftclient/minecraftclient/src/main/java/dev/sixseven/mixin/MouseHandlerMixin.java:32: error: variable d is already defined in method sixsevenclient$aimAssist(double,CallbackInfo)
         double[] d = temp.aimAssist.computePixels(temp2, this.cursorDeltaX, this.cursorDeltaY);
                  ^
/home/runner/work/minecraftclient/minecraftclient/src/main/java/dev/sixseven/mixin/MouseHandlerMixin.java:32: error: cannot find symbol
         double[] d = temp.aimAssist.computePixels(temp2, this.cursorDeltaX, this.cursorDeltaY);
                                                   ^
  symbol:   variable temp2
  location: class MouseHandlerMixin
/home/runner/work/minecraftclient/minecraftclient/src/main/java/dev/sixseven/mixin/MouseHandlerMixin.java:32: error: package temp does not exist
         double[] d = temp.aimAssist.computePixels(temp2, this.cursorDeltaX, this.cursorDeltaY);
                          ^
/home/runner/work/minecraftclient/minecraftclient/src/main/java/dev/sixseven/mixin/MouseHandlerMixin.java:47: error: cannot find symbol
      if (temp == client.getWindow().getHandle()) {
          ^
  symbol:   variable temp
  location: class MouseHandlerMixin
/home/runner/work/minecraftclient/minecraftclient/src/main/java/dev/sixseven/mixin/MouseHandlerMixin.java:48: error: cannot find symbol
         if (temp4 == 1 && client.currentScreen == null) {
             ^
  symbol:   variable temp4
  location: class MouseHandlerMixin
/home/runner/work/minecraftclient/minecraftclient/src/main/java/dev/sixseven/mixin/MouseHandlerMixin.java:53: error: cannot find symbol
            if (temp4 == 1) {
                ^
  symbol:   variable temp4
  location: class MouseHandlerMixin
/home/runner/work/minecraftclient/minecraftclient/src/main/java/dev/sixseven/mixin/MouseHandlerMixin.java:55: error: cannot find symbol
                  temp2.cancel();
                  ^
  symbol:   variable temp2
  location: class MouseHandlerMixin
/home/runner/work/minecraftclient/minecraftclient/src/main/java/dev/sixseven/mixin/MouseHandlerMixin.java:57: error: cannot find symbol
            } else if (temp4 == 0 && HudDragController.isDragging()) {
                       ^
  symbol:   variable temp4
  location: class MouseHandlerMixin
/home/runner/work/minecraftclient/minecraftclient/src/main/java/dev/sixseven/mixin/MouseHandlerMixin.java:60: error: cannot find symbol
               temp2.cancel();
               ^
  symbol:   variable temp2
  location: class MouseHandlerMixin
/home/runner/work/minecraftclient/minecraftclient/src/main/java/dev/sixseven/mixin/MouseHandlerMixin.java:81: error: cannot find symbol
      if (moduleManager != null && moduleManager.zoom != null && temp instanceof Double value) {
                                                                 ^
  symbol:   variable temp
  location: class MouseHandlerMixin
/home/runner/work/minecraftclient/minecraftclient/src/main/java/dev/sixseven/mixin/MouseHandlerMixin.java:84: error: cannot find symbol
            return temp;
                   ^
  symbol:   variable temp
  location: class MouseHandlerMixin
/home/runner/work/minecraftclient/minecraftclient/src/main/java/dev/sixseven/mixin/MouseHandlerMixin.java:92: error: cannot find symbol
         return temp;
                ^
  symbol:   variable temp
  location: class MouseHandlerMixin
/home/runner/work/minecraftclient/minecraftclient/src/main/java/dev/sixseven/mixin/MouseHandlerMixin.java:103: error: cannot find symbol
      if (temp2 == client.getWindow().getHandle()
          ^
  symbol:   variable temp2
  location: class MouseHandlerMixin
/home/runner/work/minecraftclient/minecraftclient/src/main/java/dev/sixseven/mixin/MouseHandlerMixin.java:106: error: cannot find symbol
         && HudDragController.tryResize(SixSevenClient.hud(), temp)) {
                                                              ^
  symbol:   variable temp
  location: class MouseHandlerMixin
/home/runner/work/minecraftclient/minecraftclient/src/main/java/dev/sixseven/mixin/MouseHandlerMixin.java:107: error: cannot find symbol
         temp3.cancel();
         ^
  symbol:   variable temp3
  location: class MouseHandlerMixin
Note: /home/runner/work/minecraftclient/minecraftclient/src/main/java/dev/sixseven/render/HoleEspRenderer.java uses or overrides a deprecated API.
Note: Recompile with -Xlint:deprecation for details.
Note: Some input files use unchecked or unsafe operations.
Note: Recompile with -Xlint:unchecked for details.
Note: Some messages have been simplified; recompile with -Xdiags:verbose to get full output
100 errors
41 warnings

> Task :compileJava FAILED

[Incubating] Problems report is available at: file:///home/runner/work/minecraftclient/minecraftclient/build/reports/problems/problems-report.html

FAILURE: Build failed with an exception.

* What went wrong:
Execution failed for task ':compileJava'.
> Compilation failed; see the compiler output below.
  /home/runner/work/minecraftclient/minecraftclient/src/main/java/dev/sixseven/mixin/GameRendererMixin.java:24: warning: Cannot find target method "render(Lnet/minecraft/RenderTickCounter;Z)V" for @Inject.method="render(Lnet/minecraft/RenderTickCounter;Z)V" in net.minecraft.client.render.GameRenderer
     @Inject(
     ^
  /home/runner/work/minecraftclient/minecraftclient/src/main/java/dev/sixseven/mixin/GameRendererMixin.java:24: warning: Unable to locate method mapping for @At(INVOKE.<target>) 'Lnet/minecraft/GuiRenderer;incrementFrame()V'
     @Inject(
     ^
  /home/runner/work/minecraftclient/minecraftclient/src/main/java/dev/sixseven/mixin/GameRendererMixin.java:36: warning: Cannot find target method "renderWorld(Lnet/minecraft/RenderTickCounter;)V" for @Inject.method="renderWorld(Lnet/minecraft/RenderTickCounter;)V" in net.minecraft.client.render.GameRenderer
     @Inject(
     ^
  /home/runner/work/minecraftclient/minecraftclient/src/main/java/dev/sixseven/mixin/GameRendererMixin.java:36: warning: Unable to locate method mapping for @At(INVOKE.<target>) 'Lcom/mojang/blaze3d/systems/RenderSystem;setProjectionMatrix(Lcom/mojang/blaze3d/buffers/GpuBufferSlice;Lnet/minecraft/ProjectionType;)V'
     @Inject(
     ^
  /home/runner/work/minecraftclient/minecraftclient/src/main/java/dev/sixseven/mixin/AbstractClientPlayerMixin.java:15: warning: Unable to determine descriptor for @Inject target method
     @Inject(
     ^
  /home/runner/work/minecraftclient/minecraftclient/src/main/java/dev/sixseven/mixin/KeyboardHandlerMixin.java:20: warning: Cannot find target method "onKey(JIII)V" for @Inject.method="onKey(JIII)V" in net.minecraft.client.Keyboard
     @Inject(
     ^
  /home/runner/work/minecraftclient/minecraftclient/src/main/java/dev/sixseven/mixin/GuiNametagEquipmentMixin.java:14: warning: Cannot find target method "render(Lnet/minecraft/DrawContext;Lnet/minecraft/RenderTickCounter;)V" for @Inject.method="render(Lnet/minecraft/DrawContext;Lnet/minecraft/RenderTickCounter;)V" in net.minecraft.client.gui.hud.InGameHud
     @Inject(
     ^
  /home/runner/work/minecraftclient/minecraftclient/src/main/java/com/swyzzyaddon/mixin/PlayerListHudMixin.java:14: warning: Unable to determine descriptor for @Inject target method
     @Inject(
     ^
  /home/runner/work/minecraftclient/minecraftclient/src/main/java/com/swyzzyaddon/mixin/KeyboardInputMixin.java:14: warning: Unable to determine descriptor for @Inject target method
     @Inject(
     ^
  /home/runner/work/minecraftclient/minecraftclient/src/main/java/com/swyzzyaddon/mixin/ClientPlayNetworkHandlerMixin.java:19: warning: Unable to determine descriptor for @Inject target method
     @Inject(
     ^
  /home/runner/work/minecraftclient/minecraftclient/src/main/java/com/swyzzyaddon/mixin/ClientPlayNetworkHandlerMixin.java:27: warning: Unable to determine descriptor for @Inject target method
     @Inject(
     ^
  /home/runner/work/minecraftclient/minecraftclient/src/main/java/com/swyzzyaddon/mixin/ClientPlayNetworkHandlerMixin.java:35: warning: Unable to determine descriptor for @Inject target method
     @Inject(
     ^
  /home/runner/work/minecraftclient/minecraftclient/src/main/java/com/swyzzyaddon/mixin/ClientPlayNetworkHandlerMixin.java:43: warning: Unable to determine descriptor for @Inject target method
     @Inject(
     ^
  /home/runner/work/minecraftclient/minecraftclient/src/main/java/com/swyzzyaddon/mixin/ClientPlayNetworkHandlerMixin.java:52: warning: Unable to determine descriptor for @Inject target method
     @Inject(
     ^
  /home/runner/work/minecraftclient/minecraftclient/src/main/java/com/swyzzyaddon/mixin/ClientPlayNetworkHandlerMixin.java:61: warning: Unable to determine descriptor for @Inject target method
     @Inject(
     ^
  /home/runner/work/minecraftclient/minecraftclient/src/main/java/com/swyzzyaddon/mixin/ClientPlayNetworkHandlerMixin.java:70: warning: Unable to determine descriptor for @Inject target method
     @Inject(
     ^
  /home/runner/work/minecraftclient/minecraftclient/src/main/java/com/swyzzyaddon/mixin/ClientCommonNetworkHandlerMixin.java:13: warning: Unable to determine descriptor for @Inject target method
     @Inject(
     ^
  /home/runner/work/minecraftclient/minecraftclient/src/main/java/com/swyzzyaddon/mixin/CameraMixin.java:42: warning: Unable to determine descriptor for @Inject target method
     @Inject(
     ^
  /home/runner/work/minecraftclient/minecraftclient/src/main/java/com/swyzzyaddon/mixin/MouseMixin.java:28: warning: Unable to determine descriptor for @Inject target method
     @Inject(
     ^
  /home/runner/work/minecraftclient/minecraftclient/src/main/java/com/swyzzyaddon/mixin/ClientWorldMixin.java:14: warning: Unable to determine descriptor for @Inject target method
     @Inject(
     ^
  /home/runner/work/minecraftclient/minecraftclient/src/main/java/dev/sixseven/mixin/GuiSidebarMixin.java:52: warning: Unable to locate method mapping for @At(INVOKE.<target>) 'Lnet/minecraft/DrawContext;drawText(Lnet/minecraft/TextRenderer;Lnet/minecraft/Text;IIIZ)V'
     @ModifyArg(
     ^
  /home/runner/work/minecraftclient/minecraftclient/src/main/java/dev/sixseven/mixin/GameRendererMixin.java:47: warning: Cannot find target method "render(Lnet/minecraft/RenderTickCounter;Z)V" for @ModifyArg.method="render(Lnet/minecraft/RenderTickCounter;Z)V" in net.minecraft.client.render.GameRenderer
     @ModifyArg(
     ^
  /home/runner/work/minecraftclient/minecraftclient/src/main/java/dev/sixseven/mixin/GameRendererMixin.java:47: warning: Unable to locate method mapping for @At(INVOKE.<target>) 'Lnet/minecraft/GlobalSettings;set(IIDJLnet/minecraft/RenderTickCounter;ILnet/minecraft/Camera;Z)V'
     @ModifyArg(
     ^
  /home/runner/work/minecraftclient/minecraftclient/src/main/java/dev/sixseven/mixin/CameraFreeLookMixin.java:15: warning: Unable to locate method mapping for @At(INVOKE.<target>) 'Lnet/minecraft/Camera;setRotation(FF)V'
     @ModifyArgs(
     ^
  /home/runner/work/minecraftclient/minecraftclient/src/main/java/dev/sixseven/mixin/GuiSidebarMixin.java:32: warning: Unable to locate method mapping for @At(INVOKE.<target>) 'Lnet/minecraft/TextRenderer;getWidth(Lnet/minecraft/StringVisitable;)I'
     @Redirect(
     ^
  /home/runner/work/minecraftclient/minecraftclient/src/main/java/dev/sixseven/mixin/ChatComponentMixin.java:13: warning: Cannot find target method "addMessage(Lnet/minecraft/Text;Lnet/minecraft/MessageSignatureData;Lnet/minecraft/MessageIndicator;)V" for @ModifyVariable.method="addMessage(Lnet/minecraft/Text;Lnet/minecraft/MessageSignatureData;Lnet/minecraft/MessageIndicator;)V" in net.minecraft.client.gui.hud.ChatHud
     @ModifyVariable(
     ^
  /home/runner/work/minecraftclient/minecraftclient/src/main/java/com/swyzzyaddon/mixin/TextVisitFactoryMixin.java:11: warning: Cannot find target method "method_27473(Ljava/lang/String;ILnet/minecraft/class_2583;Lnet/minecraft/class_2583;Lnet/minecraft/class_5224;)Z" for @ModifyVariable.method="method_27473(Ljava/lang/String;ILnet/minecraft/class_2583;Lnet/minecraft/class_2583;Lnet/minecraft/class_5224;)Z" in net.minecraft.text.TextVisitFactory
     @ModifyVariable(
     ^
  /home/runner/work/minecraftclient/minecraftclient/src/main/java/dev/sixseven/mixin/GameRendererMixin.java:73: warning: Cannot find target method "getFov(Lnet/minecraft/Camera;FZ)F" for @ModifyExpressionValue.method="getFov(Lnet/minecraft/Camera;FZ)F" in net.minecraft.client.render.GameRenderer
     @ModifyExpressionValue(
     ^
  /home/runner/work/minecraftclient/minecraftclient/src/main/java/dev/sixseven/mixin/GameRendererMixin.java:73: warning: Unable to locate method mapping for @At(INVOKE.<target>) 'Lnet/minecraft/MathHelper;lerp(FFF)F'
     @ModifyExpressionValue(
     ^
  /home/runner/work/minecraftclient/minecraftclient/src/main/java/dev/sixseven/mixin/GameRendererMixin.java:86: warning: Unable to locate method mapping for @At(INVOKE.<target>) 'Lnet/minecraft/Perspective;isFirstPerson()Z'
     @ModifyExpressionValue(
     ^
  /home/runner/work/minecraftclient/minecraftclient/src/main/java/dev/sixseven/mixin/EquipmentLayerRendererMixin.java:18: warning: Cannot find target method "render(Lnet/minecraft/EquipmentModel$LayerType;Lnet/minecraft/RegistryKey;Lnet/minecraft/Model;Ljava/lang/Object;Lnet/minecraft/ItemStack;Lnet/minecraft/MatrixStack;Lnet/minecraft/OrderedRenderCommandQueue;ILnet/minecraft/Identifier;II)V" for @ModifyExpressionValue.method="render(Lnet/minecraft/EquipmentModel$LayerType;Lnet/minecraft/RegistryKey;Lnet/minecraft/Model;Ljava/lang/Object;Lnet/minecraft/ItemStack;Lnet/minecraft/MatrixStack;Lnet/minecraft/OrderedRenderCommandQueue;ILnet/minecraft/Identifier;II)V" in net.minecraft.client.render.entity.equipment.EquipmentRenderer
     @ModifyExpressionValue(
     ^
  /home/runner/work/minecraftclient/minecraftclient/src/main/java/dev/sixseven/mixin/EquipmentLayerRendererMixin.java:18: warning: Unable to locate method mapping for @At(INVOKE.<target>) 'Lnet/minecraft/ItemStack;get(Lnet/minecraft/ComponentType;)Ljava/lang/Object;'
     @ModifyExpressionValue(
     ^
  /home/runner/work/minecraftclient/minecraftclient/src/main/java/dev/sixseven/mixin/MouseHandlerMixin.java:66: warning: Unable to locate method mapping for @At(INVOKE.<target>) 'Lnet/minecraft/SimpleOption;getValue()Ljava/lang/Object;'
     @ModifyExpressionValue(
     ^
  /home/runner/work/minecraftclient/minecraftclient/src/main/java/dev/sixseven/mixin/MouseHandlerMixin.java:66: warning: Unable to locate method mapping for @Slice[](from=@At(INVOKE.<target>)) 'Lnet/minecraft/GameOptions;getMouseSensitivity()Lnet/minecraft/SimpleOption;'
     @ModifyExpressionValue(
     ^
  /home/runner/work/minecraftclient/minecraftclient/src/main/java/dev/sixseven/mixin/LightTextureMixin.java:13: warning: Unable to locate method mapping for @At(INVOKE.<target>) 'Lnet/minecraft/SimpleOption;getValue()Ljava/lang/Object;'
     @ModifyExpressionValue(
     ^
  /home/runner/work/minecraftclient/minecraftclient/src/main/java/dev/sixseven/mixin/LightTextureMixin.java:13: warning: Unable to locate method mapping for @Slice[](from=@At(INVOKE.<target>)) 'Lnet/minecraft/GameOptions;getGamma()Lnet/minecraft/SimpleOption;'
     @ModifyExpressionValue(
     ^
  /home/runner/work/minecraftclient/minecraftclient/src/main/java/dev/sixseven/mixin/GuiCrosshairMixin.java:29: warning: Unable to locate method mapping for @At(INVOKE.<target>) 'Lnet/minecraft/Perspective;isFirstPerson()Z'
     @ModifyExpressionValue(
     ^
  /home/runner/work/minecraftclient/minecraftclient/src/main/java/dev/sixseven/mixin/GameRendererMixin.java:59: warning: Cannot find target method "getFov(Lnet/minecraft/Camera;FZ)F" for @ModifyReturnValue.method="getFov(Lnet/minecraft/Camera;FZ)F" in net.minecraft.client.render.GameRenderer
     @ModifyReturnValue(
     ^
  /home/runner/work/minecraftclient/minecraftclient/src/main/java/com/swyzzyaddon/mixin/MouseMixin.java:15: warning: Unable to determine descriptor for @WrapOperation target method
     @WrapOperation(
     ^
  /home/runner/work/minecraftclient/minecraftclient/src/main/java/com/swyzzyaddon/mixin/MouseMixin.java:15: warning: Unable to locate method mapping for @At(INVOKE.<target>) 'Lnet/minecraft/class_746;method_5872(DD)V'
     @WrapOperation(
     ^
  /home/runner/work/minecraftclient/minecraftclient/src/main/java/com/swyzzyaddon/mixin/CameraMixin.java:20: warning: Cannot find target for @Shadow field in net.minecraft.client.render.Camera
     @Shadow
     ^
  /home/runner/work/minecraftclient/minecraftclient/src/main/java/dev/sixseven/module/misc/StaffListModule.java:137: error: cannot find symbol
              client.getSoundManager().play(PositionedSoundInstance.ui(SoundEvents.BLOCK_NOTE_BLOCK_BELL.value(), 1.5F));
                                                                   ^
    symbol:   method ui(SoundEvent,float)
    location: class PositionedSoundInstance
  /home/runner/work/minecraftclient/minecraftclient/src/main/java/dev/sixseven/module/misc/WeatherNotifierModule.java:83: error: cannot find symbol
              client.getSoundManager().play(PositionedSoundInstance.ui(SoundEvents.BLOCK_NOTE_BLOCK_BELL.value(), f));
                                                                   ^
    symbol:   method ui(SoundEvent,float)
    location: class PositionedSoundInstance
  /home/runner/work/minecraftclient/minecraftclient/src/main/java/dev/sixseven/module/misc/NameProtectModule.java:108: error: cannot find symbol
        linkedHashMap.entrySet().removeIf(arg -> arg.getKey().equalsIgnoreCase(arg.getValue()));
                                                    ^
    symbol:   method getKey()
    location: variable arg of type Object
  /home/runner/work/minecraftclient/minecraftclient/src/main/java/dev/sixseven/module/misc/NameProtectModule.java:108: error: cannot find symbol
        linkedHashMap.entrySet().removeIf(arg -> arg.getKey().equalsIgnoreCase(arg.getValue()));
                                                                                  ^
    symbol:   method getValue()
    location: variable arg of type Object
  /home/runner/work/minecraftclient/minecraftclient/src/main/java/dev/sixseven/module/misc/NameProtectModule.java:180: error: variable text is already defined in method rewrite(Text)
              } else if (value instanceof String text) {
                                                 ^
  /home/runner/work/minecraftclient/minecraftclient/src/main/java/dev/sixseven/module/misc/SkinProtectModule.java:108: error: cannot find symbol
           gameProfile.properties().putAll(linkedHashMultimap);
                      ^
    symbol:   method properties()
    location: variable gameProfile of type GameProfile
  /home/runner/work/minecraftclient/minecraftclient/src/main/java/dev/sixseven/module/misc/SkinProtectModule.java:111: error: incompatible types: Optional<SkinTextures> cannot be converted to SkinTextures
                  this.replacement = skinTextures;;
                                     ^
  /home/runner/work/minecraftclient/minecraftclient/src/main/java/dev/sixseven/module/render/ChunkFinderModule.java:111: error: incompatible types: Object cannot be converted to Long
           for (Long lRaw : set) { long l = lRaw;
                            ^
  /home/runner/work/minecraftclient/minecraftclient/src/main/java/dev/sixseven/module/misc/FakePayModule.java:136: error: cannot find symbol
        client.getSoundManager().play(PositionedSoundInstance.ui(sound, f));
                                                             ^
    symbol:   method ui(SoundEvent,float)
    location: class PositionedSoundInstance
  /home/runner/work/minecraftclient/minecraftclient/src/main/java/dev/sixseven/suschunk/SusChunkScanner.java:194: error: incompatible types: Object cannot be converted to BlockPos
           for (BlockPos pos : list) {
                               ^
  /home/runner/work/minecraftclient/minecraftclient/src/main/java/dev/sixseven/suschunk/SusChunkScanner.java:448: error: incompatible types: no instance(s) of type variable(s) E exist so that List<E> conforms to Set<Long>
              list2.add(new SusChunkScanner.Zone(List.copyOf(list3), Set.copyOf(set), currentScore2, d / (double)list3.size(), currentScore / (double)list3.size()));
                        ^
    where E is a type-variable:
      E extends Object declared in method <E>copyOf(Collection<? extends E>)
  /home/runner/work/minecraftclient/minecraftclient/src/main/java/dev/sixseven/suschunk/SusChunkScanner.java:451: error: incompatible types: inference variable E has incompatible bounds
           return List.copyOf(list2);
                             ^
      equality constraints: Geode
      lower bounds: Zone
    where E is a type-variable:
      E extends Object declared in method <E>copyOf(Collection<? extends E>)
  /home/runner/work/minecraftclient/minecraftclient/src/main/java/dev/sixseven/gui/IconPickerScreen.java:119: error: cannot find symbol
           matrix3x2fStack.pushMatrix();
                          ^
    symbol:   method pushMatrix()
    location: variable matrix3x2fStack of type MatrixStack
  /home/runner/work/minecraftclient/minecraftclient/src/main/java/dev/sixseven/gui/IconPickerScreen.java:120: error: no suitable method found for translate(float,float)
           matrix3x2fStack.translate(f7 * f6, f8 * f6);
                          ^
      method MatrixStack.translate(double,double,double) is not applicable
        (actual and formal argument lists differ in length)
      method MatrixStack.translate(float,float,float) is not applicable
        (actual and formal argument lists differ in length)
      method MatrixStack.translate(Vec3d) is not applicable
        (actual and formal argument lists differ in length)
  /home/runner/work/minecraftclient/minecraftclient/src/main/java/dev/sixseven/gui/IconPickerScreen.java:121: error: method scale in class MatrixStack cannot be applied to given types;
           matrix3x2fStack.scale(f9, f9);
                          ^
    required: float,float,float
    found:    float,float
    reason: actual and formal argument lists differ in length
  /home/runner/work/minecraftclient/minecraftclient/src/main/java/dev/sixseven/gui/IconPickerScreen.java:123: error: cannot find symbol
           matrix3x2fStack.popMatrix();
                          ^
    symbol:   method popMatrix()
    location: variable matrix3x2fStack of type MatrixStack
  /home/runner/work/minecraftclient/minecraftclient/src/main/java/dev/sixseven/gui/IconPickerScreen.java:337: error: cannot find symbol
              this.colorWidget.mouseClicked((double)f, (double)f3, _cb);
                                                                   ^
    symbol:   variable _cb
    location: class IconPickerScreen
  /home/runner/work/minecraftclient/minecraftclient/src/main/java/dev/sixseven/gui/IconPickerScreen.java:363: error: cannot find symbol
                 if (_cb == 1) {
                     ^
    symbol:   variable _cb
    location: class IconPickerScreen
  /home/runner/work/minecraftclient/minecraftclient/src/main/java/dev/sixseven/gui/IconPickerScreen.java:365: error: cannot find symbol
                 } else if (_cb == 0) {
                            ^
    symbol:   variable _cb
    location: class IconPickerScreen
  /home/runner/work/minecraftclient/minecraftclient/src/main/java/dev/sixseven/gui/IconPickerScreen.java:457: error: cannot find symbol
           return super.keyPressed(_key, _scan, _mods);
                                                ^
    symbol:   variable _mods
    location: class IconPickerScreen
  /home/runner/work/minecraftclient/minecraftclient/src/main/java/dev/sixseven/hud/components/RadarHud.java:102: error: cannot find symbol
                       int step = NVGImages.wrapGlTexture(abstractClientPlayerEntity.getSkin().texture(), 64, 64);
                                                                                    ^
    symbol:   method getSkin()
    location: variable abstractClientPlayerEntity of type AbstractClientPlayerEntity
  /home/runner/work/minecraftclient/minecraftclient/src/main/java/dev/sixseven/render/StorageEspRenderer.java:119: error: incompatible types: Vec3d cannot be converted to Vector3fc
              Vector3fc camera = client.gameRenderer.getCamera().getPos();
                                                                       ^
  /home/runner/work/minecraftclient/minecraftclient/src/main/java/dev/sixseven/render/MiscBlockEspRenderer.java:28: error: incompatible types: bad type in conditional expression
              Vector3fc client = found2 ? MinecraftClient.getInstance().gameRenderer.getCamera().getPos() : null;
                                                                                                       ^
      Vec3d cannot be converted to Vector3fc
  /home/runner/work/minecraftclient/minecraftclient/src/main/java/dev/sixseven/render/WorldNametagRenderer.java:254: error: cannot find symbol
                                      MatrixStack matrix3x2fStack = context.getMatrices();
                                      ^
    symbol:   class MatrixStack
    location: class WorldNametagRenderer
  /home/runner/work/minecraftclient/minecraftclient/src/main/java/dev/sixseven/render/BlockOutlineRenderer.java:31: error: cannot find symbol
          return mod.pulse.get() ? (float)(Math.sin(t * 2.0 * Math.PI * mod.pulseSpeed.getFloat()) * 0.5 + 0.5) : 1.0f;
                    ^
    symbol:   variable pulse
    location: variable mod of type BlockOutlineModule
  /home/runner/work/minecraftclient/minecraftclient/src/main/java/dev/sixseven/render/BlockOutlineRenderer.java:31: error: cannot find symbol
          return mod.pulse.get() ? (float)(Math.sin(t * 2.0 * Math.PI * mod.pulseSpeed.getFloat()) * 0.5 + 0.5) : 1.0f;
                                                                           ^
    symbol:   variable pulseSpeed
    location: variable mod of type BlockOutlineModule
  /home/runner/work/minecraftclient/minecraftclient/src/main/java/dev/sixseven/render/HoleEspRenderer.java:72: error: incompatible types: bad type in conditional expression
           Vector3fc client = found ? MinecraftClient.getInstance().gameRenderer.getCamera().getPos() : null;
                                                                                                   ^
      Vec3d cannot be converted to Vector3fc
  /home/runner/work/minecraftclient/minecraftclient/src/main/java/dev/sixseven/render/HoleEspRenderer.java:74: error: incompatible types: Object cannot be converted to Hole
           for (HoleEspRenderer.Hole hole : list) {
                                            ^
  /home/runner/work/minecraftclient/minecraftclient/src/main/java/dev/sixseven/render/HitParticleRenderer.java:63: error: incompatible types: Object cannot be converted to Shock
              for (HitParticlesModule.Shock shock : deque2) {
                                                    ^
  /home/runner/work/minecraftclient/minecraftclient/src/main/java/dev/sixseven/render/HitParticleRenderer.java:69: error: incompatible types: Object cannot be converted to HitParticle
              for (HitParticlesModule.HitParticle hitParticle : deque) {
                                                                ^
  /home/runner/work/minecraftclient/minecraftclient/src/main/java/dev/sixseven/render/HitParticleRenderer.java:82: error: incompatible types: Object cannot be converted to HitParticle
              for (HitParticlesModule.HitParticle hitParticle2 : deque) {
                                                                 ^
  /home/runner/work/minecraftclient/minecraftclient/src/main/java/dev/sixseven/render/HitParticleRenderer.java:95: error: cannot find symbol
                 VertexConsumer consumer3 = immediate.getBuffer(RenderLayers.entityTranslucentEmissive(TEXTURE_67));
                                                                            ^
    symbol:   method entityTranslucentEmissive(Identifier)
    location: class RenderLayers
  /home/runner/work/minecraftclient/minecraftclient/src/main/java/dev/sixseven/render/HitParticleRenderer.java:97: error: incompatible types: Object cannot be converted to HitParticle
                 for (HitParticlesModule.HitParticle hitParticle3 : deque) {
                                                                    ^
  /home/runner/work/minecraftclient/minecraftclient/src/main/java/dev/sixseven/render/AccessoryRenderer.java:105: error: cannot find symbol
              VertexConsumer consumer4 = immediate.getBuffer(RenderLayers.entityTranslucentEmissive(TEXTURE_67));
                                                                         ^
    symbol:   method entityTranslucentEmissive(Identifier)
    location: class RenderLayers
  /home/runner/work/minecraftclient/minecraftclient/src/main/java/dev/sixseven/render/AccessoryRenderer.java:252: error: incompatible types: Object cannot be converted to TrailNode
           for (CustomAccessoriesModule.TrailNode trailNode2 : deque) {
                                                               ^
  /home/runner/work/minecraftclient/minecraftclient/src/main/java/dev/sixseven/render/AccessoryRenderer.java:298: error: incompatible types: Object cannot be converted to TrailNode
        for (CustomAccessoriesModule.TrailNode trailNode : deque) {
                                                           ^
  /home/runner/work/minecraftclient/minecraftclient/src/main/java/dev/sixseven/render/AccessoryRenderer.java:330: error: incompatible types: Object cannot be converted to TrailNode
        for (CustomAccessoriesModule.TrailNode trailNode : deque) {
                                                           ^
  /home/runner/work/minecraftclient/minecraftclient/src/main/java/dev/sixseven/render/BlockEspRenderer.java:114: error: bad operand types for binary operator '&'
              int n9 = map.getOrDefault(hit.block(), n) & 16777215;
                                                        ^
    first type:  Object
    second type: int
  /home/runner/work/minecraftclient/minecraftclient/src/main/java/dev/sixseven/render/BlockEspRenderer.java:154: error: incompatible types: Vec3d cannot be converted to Vector3fc
              Vector3fc client = MinecraftClient.getInstance().gameRenderer.getCamera().getPos();
                                                                                              ^
  /home/runner/work/minecraftclient/minecraftclient/src/main/java/dev/sixseven/render/BlockEspRenderer.java:157: error: bad operand types for binary operator '&'
                 int n12 = map.getOrDefault(hit2.block(), n) & 16777215;
                                                             ^
    first type:  Object
    second type: int
  /home/runner/work/minecraftclient/minecraftclient/src/main/java/dev/sixseven/render/BlockEntityEspRenderer.java:31: error: incompatible types: bad type in conditional expression
              Vector3fc camera = found2 ? client.gameRenderer.getCamera().getPos() : null;
                                                                                ^
      Vec3d cannot be converted to Vector3fc
  /home/runner/work/minecraftclient/minecraftclient/src/main/java/dev/sixseven/render/BlockEntityEspRenderer.java:33: error: incompatible types: Object cannot be converted to Cached
              for (BlockEntityEspModule.Cached cached : collection) {
                                                        ^
  /home/runner/work/minecraftclient/minecraftclient/src/main/java/dev/sixseven/render/nanovg/NVGImages.java:95: error: cannot find symbol
           int localZ = client.getGlId();
                              ^
    symbol:   method getGlId()
    location: variable client of type AbstractTexture
  /home/runner/work/minecraftclient/minecraftclient/src/main/java/dev/sixseven/render/JumpCircleRenderer.java:41: error: cannot find symbol
              VertexConsumer consumer = immediate.getBuffer(RenderLayers.entityTranslucentEmissive(TEXTURE_67));
                                                                        ^
    symbol:   method entityTranslucentEmissive(Identifier)
    location: class RenderLayers
  /home/runner/work/minecraftclient/minecraftclient/src/main/java/dev/sixseven/render/JumpCircleRenderer.java:43: error: incompatible types: Object cannot be converted to JumpCircle
              for (JumpCirclesModule.JumpCircle jumpCircle : deque) {
                                                             ^
  /home/runner/work/minecraftclient/minecraftclient/src/main/java/dev/sixseven/render/JumpCircleRenderer.java:48: error: cannot find symbol
                 VertexConsumer consumer2 = immediate.getBuffer(RenderLayers.entityTranslucentEmissive(TEXTURE_RING));
                                                                            ^
    symbol:   method entityTranslucentEmissive(Identifier)
    location: class RenderLayers
  /home/runner/work/minecraftclient/minecraftclient/src/main/java/dev/sixseven/render/JumpCircleRenderer.java:50: error: incompatible types: Object cannot be converted to JumpCircle
                 for (JumpCirclesModule.JumpCircle jumpCircle2 : deque) {
                                                                 ^
  /home/runner/work/minecraftclient/minecraftclient/src/main/java/dev/sixseven/util/UiSounds.java:25: error: cannot find symbol
           MinecraftClient.getInstance().getSoundManager().play(PositionedSoundInstance.ui(sound, f));
                                                                                       ^
    symbol:   method ui(SoundEvent,float)
    location: class PositionedSoundInstance
  /home/runner/work/minecraftclient/minecraftclient/src/main/java/dev/sixseven/suschunk/ServerLightCache.java:174: error: incompatible types: List<Object> cannot be converted to List<BlockPos>
        return (List<BlockPos>)(list == null ? List.of() : list);
                               ^
  /home/runner/work/minecraftclient/minecraftclient/src/main/java/dev/sixseven/mixin/LocalPlayerFreecamMixin.java:30: error: incompatible types: LocalPlayerFreecamMixin cannot be converted to ClientPlayerEntity
        ClientPlayerEntity player = (ClientPlayerEntity)this;
                                                        ^
  /home/runner/work/minecraftclient/minecraftclient/src/main/java/dev/sixseven/mixin/LocalPlayerFreecamMixin.java:35: error: incompatible types: ClientPlayerEntity cannot be converted to MinecraftClient
              FreecamModule.reapplyBodyInput(player);
                                             ^
  /home/runner/work/minecraftclient/minecraftclient/src/main/java/dev/sixseven/mixin/GuiSidebarMixin.java:28: error: cannot find symbol
           temp.beginSidebar();
           ^
    symbol:   variable temp
    location: class GuiSidebarMixin
  /home/runner/work/minecraftclient/minecraftclient/src/main/java/dev/sixseven/mixin/GuiSidebarMixin.java:42: error: cannot find symbol
        if (fakeStatsModule != null && temp2 instanceof Text text) {
                                       ^
    symbol:   variable temp2
    location: class GuiSidebarMixin
  /home/runner/work/minecraftclient/minecraftclient/src/main/java/dev/sixseven/mixin/GuiSidebarMixin.java:44: error: cannot find symbol
              return temp.getWidth(fakeStatsModule.rewriteForWidth(text));
                     ^
    symbol:   variable temp
    location: class GuiSidebarMixin
  /home/runner/work/minecraftclient/minecraftclient/src/main/java/dev/sixseven/mixin/GuiSidebarMixin.java:49: error: cannot find symbol
        return temp.getWidth(temp2);
                             ^
    symbol:   variable temp2
    location: class GuiSidebarMixin
  /home/runner/work/minecraftclient/minecraftclient/src/main/java/dev/sixseven/mixin/GuiSidebarMixin.java:49: error: cannot find symbol
        return temp.getWidth(temp2);
               ^
    symbol:   variable temp
    location: class GuiSidebarMixin
  /home/runner/work/minecraftclient/minecraftclient/src/main/java/dev/sixseven/mixin/GuiSidebarMixin.java:65: error: cannot find symbol
              return fakeStatsModule.rewriteForDraw(temp);
                                                    ^
    symbol:   variable temp
    location: class GuiSidebarMixin
  /home/runner/work/minecraftclient/minecraftclient/src/main/java/dev/sixseven/mixin/GuiSidebarMixin.java:70: error: cannot find symbol
        return temp;
               ^
    symbol:   variable temp
    location: class GuiSidebarMixin
  /home/runner/work/minecraftclient/minecraftclient/src/main/java/dev/sixseven/mixin/MouseHandlerFreecamMixin.java:29: error: variable d is already defined in method sixsevenclient$freecamMouse(double,CallbackInfo)
              double d = (Double)client.options.getMouseSensitivity().getValue() * 0.6 + 0.2;
                     ^
  /home/runner/work/minecraftclient/minecraftclient/src/main/java/dev/sixseven/mixin/MouseHandlerFreecamMixin.java:36: error: cannot find symbol
              temp.cancel();
              ^
    symbol:   variable temp
    location: class MouseHandlerFreecamMixin
  /home/runner/work/minecraftclient/minecraftclient/src/main/java/dev/sixseven/mixin/EntityFreecamMixin.java:20: error: incompatible types: EntityFreecamMixin cannot be converted to Entity
        Entity entity = (Entity)this;
                                ^
  /home/runner/work/minecraftclient/minecraftclient/src/main/java/dev/sixseven/mixin/EntityFreecamMixin.java:22: error: cannot find symbol
        if (client.player != null && entity == client.player && temp == client.player) {
                                                                ^
    symbol:   variable temp
    location: class EntityFreecamMixin
  /home/runner/work/minecraftclient/minecraftclient/src/main/java/dev/sixseven/mixin/EntityFreecamMixin.java:25: error: cannot find symbol
              temp2.setReturnValue(false);
              ^
    symbol:   variable temp2
    location: class EntityFreecamMixin
  /home/runner/work/minecraftclient/minecraftclient/src/main/java/dev/sixseven/mixin/EntityFreeLookMixin.java:20: error: incomparable types: EntityFreeLookMixin and ClientPlayerEntity
        if (this == client.player) {
                 ^
  /home/runner/work/minecraftclient/minecraftclient/src/main/java/dev/sixseven/mixin/EntityFreeLookMixin.java:23: error: cannot find symbol
              freeLookModule.addCameraLook(temp, temp3);
                                           ^
    symbol:   variable temp
    location: class EntityFreeLookMixin
  /home/runner/work/minecraftclient/minecraftclient/src/main/java/dev/sixseven/mixin/EntityFreeLookMixin.java:23: error: cannot find symbol
              freeLookModule.addCameraLook(temp, temp3);
                                                 ^
    symbol:   variable temp3
    location: class EntityFreeLookMixin
  /home/runner/work/minecraftclient/minecraftclient/src/main/java/dev/sixseven/mixin/EntityFreeLookMixin.java:24: error: cannot find symbol
              temp2.cancel();
              ^
    symbol:   variable temp2
    location: class EntityFreeLookMixin
  /home/runner/work/minecraftclient/minecraftclient/src/main/java/dev/sixseven/mixin/GameRendererMixin.java:44: error: cannot find symbol
        WorldProjection.capture(temp2, temp.getTickProgress(false));
                                ^
    symbol:   variable temp2
    location: class GameRendererMixin
  /home/runner/work/minecraftclient/minecraftclient/src/main/java/dev/sixseven/mixin/GameRendererMixin.java:44: error: cannot find symbol
        WorldProjection.capture(temp2, temp.getTickProgress(false));
                                       ^
    symbol:   variable temp
    location: class GameRendererMixin
  /home/runner/work/minecraftclient/minecraftclient/src/main/java/dev/sixseven/mixin/GameRendererMixin.java:56: error: cannot find symbol
        return BlurHook.apply(temp);
                              ^
    symbol:   variable temp
    location: class GameRendererMixin
  /home/runner/work/minecraftclient/minecraftclient/src/main/java/dev/sixseven/mixin/GameRendererMixin.java:66: error: package temp does not exist
           double d = temp.zoom.currentFactor();
                          ^
  /home/runner/work/minecraftclient/minecraftclient/src/main/java/dev/sixseven/mixin/GameRendererMixin.java:67: error: cannot find symbol
           return d > 1.0001 ? (float)((double)temp2 / d) : temp2;
                                               ^
    symbol:   variable temp2
    location: class GameRendererMixin
  /home/runner/work/minecraftclient/minecraftclient/src/main/java/dev/sixseven/mixin/GameRendererMixin.java:67: error: cannot find symbol
           return d > 1.0001 ? (float)((double)temp2 / d) : temp2;
                                                            ^
    symbol:   variable temp2
    location: class GameRendererMixin
  /home/runner/work/minecraftclient/minecraftclient/src/main/java/dev/sixseven/mixin/GameRendererMixin.java:69: error: cannot find symbol
           return temp;
                  ^
    symbol:   variable temp
    location: class GameRendererMixin
  /home/runner/work/minecraftclient/minecraftclient/src/main/java/dev/sixseven/mixin/GameRendererMixin.java:83: error: cannot find symbol
        return moduleManager != null && moduleManager.customFov != null ? moduleManager.customFov.fovMultiplier(temp) : temp;
                                                                                                                ^
    symbol:   variable temp
    location: class GameRendererMixin
  /home/runner/work/minecraftclient/minecraftclient/src/main/java/dev/sixseven/mixin/GameRendererMixin.java:83: error: cannot find symbol
        return moduleManager != null && moduleManager.customFov != null ? moduleManager.customFov.fovMultiplier(temp) : temp;
                                                                                                                        ^
    symbol:   variable temp
    location: class GameRendererMixin
  /home/runner/work/minecraftclient/minecraftclient/src/main/java/dev/sixseven/mixin/GameRendererMixin.java:95: error: cannot find symbol
        return freecamModule != null && freecamModule.isActive() && freecamModule.renderHands() ? true : temp;
                                                                                                         ^
    symbol:   variable temp
    location: class GameRendererMixin
  /home/runner/work/minecraftclient/minecraftclient/src/main/java/dev/sixseven/mixin/EquipmentLayerRendererMixin.java:28: error: cannot find symbol
           return temp;
                  ^
    symbol:   variable temp
    location: class EquipmentLayerRendererMixin
  /home/runner/work/minecraftclient/minecraftclient/src/main/java/dev/sixseven/mixin/EquipmentLayerRendererMixin.java:32: error: cannot find symbol
              return !armorTrimHiderModule.affectsOwn() && sixsevenclient$isLocalPlayer(temp3) ? temp : armorTrimHiderModule.mapTrim(temp2, (ArmorTrim)temp);
                                                                                        ^
    symbol:   variable temp3
    location: class EquipmentLayerRendererMixin
  /home/runner/work/minecraftclient/minecraftclient/src/main/java/dev/sixseven/mixin/EquipmentLayerRendererMixin.java:32: error: cannot find symbol
              return !armorTrimHiderModule.affectsOwn() && sixsevenclient$isLocalPlayer(temp3) ? temp : armorTrimHiderModule.mapTrim(temp2, (ArmorTrim)temp);
                                                                                                 ^
    symbol:   variable temp
    location: class EquipmentLayerRendererMixin
  /home/runner/work/minecraftclient/minecraftclient/src/main/java/dev/sixseven/mixin/EquipmentLayerRendererMixin.java:32: error: cannot find symbol
              return !armorTrimHiderModule.affectsOwn() && sixsevenclient$isLocalPlayer(temp3) ? temp : armorTrimHiderModule.mapTrim(temp2, (ArmorTrim)temp);
                                                                                                                                     ^
    symbol:   variable temp2
    location: class EquipmentLayerRendererMixin
  /home/runner/work/minecraftclient/minecraftclient/src/main/java/dev/sixseven/mixin/EquipmentLayerRendererMixin.java:32: error: cannot find symbol
              return !armorTrimHiderModule.affectsOwn() && sixsevenclient$isLocalPlayer(temp3) ? temp : armorTrimHiderModule.mapTrim(temp2, (ArmorTrim)temp);
                                                                                                                                                       ^
    symbol:   variable temp
    location: class EquipmentLayerRendererMixin
  /home/runner/work/minecraftclient/minecraftclient/src/main/java/dev/sixseven/mixin/EquipmentLayerRendererMixin.java:34: error: cannot find symbol
              return temp;
                     ^
    symbol:   variable temp
    location: class EquipmentLayerRendererMixin
  /home/runner/work/minecraftclient/minecraftclient/src/main/java/dev/sixseven/mixin/EquipmentLayerRendererMixin.java:40: error: cannot find symbol
        if (!(temp instanceof PlayerEntityRenderState playerEntityRenderState)) {
              ^
    symbol:   variable temp
    location: class EquipmentLayerRendererMixin
  /home/runner/work/minecraftclient/minecraftclient/src/main/java/dev/sixseven/mixin/MultiPlayerGameModeAttackMixin.java:24: error: cannot find symbol
              moduleManager.hitParticles.onHit(temp);
                                               ^
    symbol:   variable temp
    location: class MultiPlayerGameModeAttackMixin
  /home/runner/work/minecraftclient/minecraftclient/src/main/java/dev/sixseven/mixin/MouseHandlerMixin.java:32: error: variable d is already defined in method sixsevenclient$aimAssist(double,CallbackInfo)
           double[] d = temp.aimAssist.computePixels(temp2, this.cursorDeltaX, this.cursorDeltaY);
                    ^
  /home/runner/work/minecraftclient/minecraftclient/src/main/java/dev/sixseven/mixin/MouseHandlerMixin.java:32: error: cannot find symbol
           double[] d = temp.aimAssist.computePixels(temp2, this.cursorDeltaX, this.cursorDeltaY);
                                                     ^
    symbol:   variable temp2
    location: class MouseHandlerMixin
  /home/runner/work/minecraftclient/minecraftclient/src/main/java/dev/sixseven/mixin/MouseHandlerMixin.java:32: error: package temp does not exist
           double[] d = temp.aimAssist.computePixels(temp2, this.cursorDeltaX, this.cursorDeltaY);
                            ^
  /home/runner/work/minecraftclient/minecraftclient/src/main/java/dev/sixseven/mixin/MouseHandlerMixin.java:47: error: cannot find symbol
        if (temp == client.getWindow().getHandle()) {
            ^
    symbol:   variable temp
    location: class MouseHandlerMixin
  /home/runner/work/minecraftclient/minecraftclient/src/main/java/dev/sixseven/mixin/MouseHandlerMixin.java:48: error: cannot find symbol
           if (temp4 == 1 && client.currentScreen == null) {
               ^
    symbol:   variable temp4
    location: class MouseHandlerMixin
  /home/runner/work/minecraftclient/minecraftclient/src/main/java/dev/sixseven/mixin/MouseHandlerMixin.java:53: error: cannot find symbol
              if (temp4 == 1) {
                  ^
    symbol:   variable temp4
    location: class MouseHandlerMixin
  /home/runner/work/minecraftclient/minecraftclient/src/main/java/dev/sixseven/mixin/MouseHandlerMixin.java:55: error: cannot find symbol
                    temp2.cancel();
                    ^
    symbol:   variable temp2
    location: class MouseHandlerMixin
  /home/runner/work/minecraftclient/minecraftclient/src/main/java/dev/sixseven/mixin/MouseHandlerMixin.java:57: error: cannot find symbol
              } else if (temp4 == 0 && HudDragController.isDragging()) {
                         ^
    symbol:   variable temp4
    location: class MouseHandlerMixin
  /home/runner/work/minecraftclient/minecraftclient/src/main/java/dev/sixseven/mixin/MouseHandlerMixin.java:60: error: cannot find symbol
                 temp2.cancel();
                 ^
    symbol:   variable temp2
    location: class MouseHandlerMixin
  /home/runner/work/minecraftclient/minecraftclient/src/main/java/dev/sixseven/mixin/MouseHandlerMixin.java:81: error: cannot find symbol
        if (moduleManager != null && moduleManager.zoom != null && temp instanceof Double value) {
                                                                   ^
    symbol:   variable temp
    location: class MouseHandlerMixin
  /home/runner/work/minecraftclient/minecraftclient/src/main/java/dev/sixseven/mixin/MouseHandlerMixin.java:84: error: cannot find symbol
              return temp;
                     ^
    symbol:   variable temp
    location: class MouseHandlerMixin
  /home/runner/work/minecraftclient/minecraftclient/src/main/java/dev/sixseven/mixin/MouseHandlerMixin.java:92: error: cannot find symbol
           return temp;
                  ^
    symbol:   variable temp
    location: class MouseHandlerMixin
  /home/runner/work/minecraftclient/minecraftclient/src/main/java/dev/sixseven/mixin/MouseHandlerMixin.java:103: error: cannot find symbol
        if (temp2 == client.getWindow().getHandle()
            ^
    symbol:   variable temp2
    location: class MouseHandlerMixin
  /home/runner/work/minecraftclient/minecraftclient/src/main/java/dev/sixseven/mixin/MouseHandlerMixin.java:106: error: cannot find symbol
           && HudDragController.tryResize(SixSevenClient.hud(), temp)) {
                                                                ^
    symbol:   variable temp
    location: class MouseHandlerMixin
  /home/runner/work/minecraftclient/minecraftclient/src/main/java/dev/sixseven/mixin/MouseHandlerMixin.java:107: error: cannot find symbol
           temp3.cancel();
           ^
    symbol:   variable temp3
    location: class MouseHandlerMixin
  Note: /home/runner/work/minecraftclient/minecraftclient/src/main/java/dev/sixseven/render/HoleEspRenderer.java uses or overrides a deprecated API.
  Note: Recompile with -Xlint:deprecation for details.
  Note: Some input files use unchecked or unsafe operations.
  Note: Recompile with -Xlint:unchecked for details.
  Note: Some messages have been simplified; recompile with -Xdiags:verbose to get full output
  100 errors
  41 warnings

* Try:
> Check your code and dependencies to fix the compilation error(s)
> Run with --scan to get full insights.

* Exception is:
org.gradle.api.tasks.TaskExecutionException: Execution failed for task ':compileJava'.
	at org.gradle.api.internal.tasks.execution.ExecuteActionsTaskExecuter.lambda$executeIfValid$1(ExecuteActionsTaskExecuter.java:130)
	at org.gradle.internal.Try$Failure.ifSuccessfulOrElse(Try.java:293)
	at org.gradle.api.internal.tasks.execution.ExecuteActionsTaskExecuter.executeIfValid(ExecuteActionsTaskExecuter.java:128)
	at org.gradle.api.internal.tasks.execution.ExecuteActionsTaskExecuter.execute(ExecuteActionsTaskExecuter.java:116)
	at org.gradle.api.internal.tasks.execution.ProblemsTaskPathTrackingTaskExecuter.execute(ProblemsTaskPathTrackingTaskExecuter.java:40)
	at org.gradle.api.internal.tasks.execution.FinalizePropertiesTaskExecuter.execute(FinalizePropertiesTaskExecuter.java:46)
	at org.gradle.api.internal.tasks.execution.ResolveTaskExecutionModeExecuter.execute(ResolveTaskExecutionModeExecuter.java:51)
	at org.gradle.api.internal.tasks.execution.SkipTaskWithNoActionsExecuter.execute(SkipTaskWithNoActionsExecuter.java:57)
	at org.gradle.api.internal.tasks.execution.SkipOnlyIfTaskExecuter.execute(SkipOnlyIfTaskExecuter.java:74)
	at org.gradle.api.internal.tasks.execution.CatchExceptionTaskExecuter.execute(CatchExceptionTaskExecuter.java:36)
	at org.gradle.api.internal.tasks.execution.EventFiringTaskExecuter$1.executeTask(EventFiringTaskExecuter.java:77)
	at org.gradle.api.internal.tasks.execution.EventFiringTaskExecuter$1.call(EventFiringTaskExecuter.java:55)
	at org.gradle.api.internal.tasks.execution.EventFiringTaskExecuter$1.call(EventFiringTaskExecuter.java:52)
	at org.gradle.internal.operations.DefaultBuildOperationRunner$CallableBuildOperationWorker.execute(DefaultBuildOperationRunner.java:210)
	at org.gradle.internal.operations.DefaultBuildOperationRunner$CallableBuildOperationWorker.execute(DefaultBuildOperationRunner.java:205)
	at org.gradle.internal.operations.DefaultBuildOperationRunner$2.execute(DefaultBuildOperationRunner.java:67)
	at org.gradle.internal.operations.DefaultBuildOperationRunner$2.execute(DefaultBuildOperationRunner.java:60)
	at org.gradle.internal.operations.DefaultBuildOperationRunner.execute(DefaultBuildOperationRunner.java:167)
	at org.gradle.internal.operations.DefaultBuildOperationRunner.execute(DefaultBuildOperationRunner.java:60)
	at org.gradle.internal.operations.DefaultBuildOperationRunner.call(DefaultBuildOperationRunner.java:54)
	at org.gradle.api.internal.tasks.execution.EventFiringTaskExecuter.execute(EventFiringTaskExecuter.java:52)
	at org.gradle.execution.plan.LocalTaskNodeExecutor.execute(LocalTaskNodeExecutor.java:42)
	at org.gradle.execution.taskgraph.DefaultTaskExecutionGraph$InvokeNodeExecutorsAction.execute(DefaultTaskExecutionGraph.java:331)
	at org.gradle.execution.taskgraph.DefaultTaskExecutionGraph$InvokeNodeExecutorsAction.execute(DefaultTaskExecutionGraph.java:318)
	at org.gradle.execution.taskgraph.DefaultTaskExecutionGraph$BuildOperationAwareExecutionAction.lambda$execute$0(DefaultTaskExecutionGraph.java:314)
	at org.gradle.internal.operations.CurrentBuildOperationRef.with(CurrentBuildOperationRef.java:85)
	at org.gradle.execution.taskgraph.DefaultTaskExecutionGraph$BuildOperationAwareExecutionAction.execute(DefaultTaskExecutionGraph.java:314)
	at org.gradle.execution.taskgraph.DefaultTaskExecutionGraph$BuildOperationAwareExecutionAction.execute(DefaultTaskExecutionGraph.java:303)
	at org.gradle.execution.plan.DefaultPlanExecutor$ExecutorWorker.execute(DefaultPlanExecutor.java:459)
	at org.gradle.execution.plan.DefaultPlanExecutor$ExecutorWorker.run(DefaultPlanExecutor.java:376)
	at org.gradle.execution.plan.DefaultPlanExecutor.process(DefaultPlanExecutor.java:111)
	at org.gradle.execution.taskgraph.DefaultTaskExecutionGraph.executeWithServices(DefaultTaskExecutionGraph.java:138)
	at org.gradle.execution.taskgraph.DefaultTaskExecutionGraph.execute(DefaultTaskExecutionGraph.java:123)
	at org.gradle.execution.SelectedTaskExecutionAction.execute(SelectedTaskExecutionAction.java:35)
	at org.gradle.execution.DryRunBuildExecutionAction.execute(DryRunBuildExecutionAction.java:51)
	at org.gradle.execution.BuildOperationFiringBuildWorkerExecutor$ExecuteTasks.call(BuildOperationFiringBuildWorkerExecutor.java:54)
	at org.gradle.execution.BuildOperationFiringBuildWorkerExecutor$ExecuteTasks.call(BuildOperationFiringBuildWorkerExecutor.java:43)
	at org.gradle.internal.operations.DefaultBuildOperationRunner$CallableBuildOperationWorker.execute(DefaultBuildOperationRunner.java:210)
	at org.gradle.internal.operations.DefaultBuildOperationRunner$CallableBuildOperationWorker.execute(DefaultBuildOperationRunner.java:205)
	at org.gradle.internal.operations.DefaultBuildOperationRunner$2.execute(DefaultBuildOperationRunner.java:67)
	at org.gradle.internal.operations.DefaultBuildOperationRunner$2.execute(DefaultBuildOperationRunner.java:60)
	at org.gradle.internal.operations.DefaultBuildOperationRunner.execute(DefaultBuildOperationRunner.java:167)
	at org.gradle.internal.operations.DefaultBuildOperationRunner.execute(DefaultBuildOperationRunner.java:60)
	at org.gradle.internal.operations.DefaultBuildOperationRunner.call(DefaultBuildOperationRunner.java:54)
	at org.gradle.execution.BuildOperationFiringBuildWorkerExecutor.execute(BuildOperationFiringBuildWorkerExecutor.java:40)
	at org.gradle.internal.build.DefaultBuildLifecycleController.lambda$executeTasks$10(DefaultBuildLifecycleController.java:313)
	at org.gradle.internal.model.StateTransitionController.doTransition(StateTransitionController.java:266)
	at org.gradle.internal.model.StateTransitionController.lambda$tryTransition$8(StateTransitionController.java:177)
	at org.gradle.internal.work.DefaultSynchronizer.withLock(DefaultSynchronizer.java:46)
	at org.gradle.internal.model.StateTransitionController.tryTransition(StateTransitionController.java:177)
	at org.gradle.internal.build.DefaultBuildLifecycleController.executeTasks(DefaultBuildLifecycleController.java:304)
	at org.gradle.internal.build.DefaultBuildWorkGraphController$DefaultBuildWorkGraph.runWork(DefaultBuildWorkGraphController.java:220)
	at org.gradle.internal.work.DefaultWorkerLeaseService.withLocks(DefaultWorkerLeaseService.java:263)
	at org.gradle.internal.work.DefaultWorkerLeaseService.runAsWorkerThread(DefaultWorkerLeaseService.java:127)
	at org.gradle.composite.internal.DefaultBuildController.doRun(DefaultBuildController.java:181)
	at org.gradle.composite.internal.DefaultBuildController.access$000(DefaultBuildController.java:50)
	at org.gradle.composite.internal.DefaultBuildController$BuildOpRunnable.lambda$run$0(DefaultBuildController.java:198)
	at org.gradle.internal.operations.CurrentBuildOperationRef.with(CurrentBuildOperationRef.java:85)
	at org.gradle.composite.internal.DefaultBuildController$BuildOpRunnable.run(DefaultBuildController.java:198)
	at org.gradle.internal.concurrent.ExecutorPolicy$CatchAndRecordFailures.onExecute(ExecutorPolicy.java:64)
	at org.gradle.internal.concurrent.AbstractManagedExecutor$1.run(AbstractManagedExecutor.java:48)
Caused by: org.gradle.api.internal.tasks.compile.CompilationFailedException: Compilation failed; see the compiler output below.
/home/runner/work/minecraftclient/minecraftclient/src/main/java/dev/sixseven/mixin/GameRendererMixin.java:24: warning: Cannot find target method "render(Lnet/minecraft/RenderTickCounter;Z)V" for @Inject.method="render(Lnet/minecraft/RenderTickCounter;Z)V" in net.minecraft.client.render.GameRenderer
   @Inject(
   ^
/home/runner/work/minecraftclient/minecraftclient/src/main/java/dev/sixseven/mixin/GameRendererMixin.java:24: warning: Unable to locate method mapping for @At(INVOKE.<target>) 'Lnet/minecraft/GuiRenderer;incrementFrame()V'
   @Inject(
   ^
/home/runner/work/minecraftclient/minecraftclient/src/main/java/dev/sixseven/mixin/GameRendererMixin.java:36: warning: Cannot find target method "renderWorld(Lnet/minecraft/RenderTickCounter;)V" for @Inject.method="renderWorld(Lnet/minecraft/RenderTickCounter;)V" in net.minecraft.client.render.GameRenderer
   @Inject(
   ^
/home/runner/work/minecraftclient/minecraftclient/src/main/java/dev/sixseven/mixin/GameRendererMixin.java:36: warning: Unable to locate method mapping for @At(INVOKE.<target>) 'Lcom/mojang/blaze3d/systems/RenderSystem;setProjectionMatrix(Lcom/mojang/blaze3d/buffers/GpuBufferSlice;Lnet/minecraft/ProjectionType;)V'
   @Inject(
   ^
/home/runner/work/minecraftclient/minecraftclient/src/main/java/dev/sixseven/mixin/AbstractClientPlayerMixin.java:15: warning: Unable to determine descriptor for @Inject target method
   @Inject(
   ^
/home/runner/work/minecraftclient/minecraftclient/src/main/java/dev/sixseven/mixin/KeyboardHandlerMixin.java:20: warning: Cannot find target method "onKey(JIII)V" for @Inject.method="onKey(JIII)V" in net.minecraft.client.Keyboard
   @Inject(
   ^
/home/runner/work/minecraftclient/minecraftclient/src/main/java/dev/sixseven/mixin/GuiNametagEquipmentMixin.java:14: warning: Cannot find target method "render(Lnet/minecraft/DrawContext;Lnet/minecraft/RenderTickCounter;)V" for @Inject.method="render(Lnet/minecraft/DrawContext;Lnet/minecraft/RenderTickCounter;)V" in net.minecraft.client.gui.hud.InGameHud
   @Inject(
   ^
/home/runner/work/minecraftclient/minecraftclient/src/main/java/com/swyzzyaddon/mixin/PlayerListHudMixin.java:14: warning: Unable to determine descriptor for @Inject target method
   @Inject(
   ^
/home/runner/work/minecraftclient/minecraftclient/src/main/java/com/swyzzyaddon/mixin/KeyboardInputMixin.java:14: warning: Unable to determine descriptor for @Inject target method
   @Inject(
   ^
/home/runner/work/minecraftclient/minecraftclient/src/main/java/com/swyzzyaddon/mixin/ClientPlayNetworkHandlerMixin.java:19: warning: Unable to determine descriptor for @Inject target method
   @Inject(
   ^
/home/runner/work/minecraftclient/minecraftclient/src/main/java/com/swyzzyaddon/mixin/ClientPlayNetworkHandlerMixin.java:27: warning: Unable to determine descriptor for @Inject target method
   @Inject(
   ^
/home/runner/work/minecraftclient/minecraftclient/src/main/java/com/swyzzyaddon/mixin/ClientPlayNetworkHandlerMixin.java:35: warning: Unable to determine descriptor for @Inject target method
   @Inject(
   ^
/home/runner/work/minecraftclient/minecraftclient/src/main/java/com/swyzzyaddon/mixin/ClientPlayNetworkHandlerMixin.java:43: warning: Unable to determine descriptor for @Inject target method
   @Inject(
   ^
/home/runner/work/minecraftclient/minecraftclient/src/main/java/com/swyzzyaddon/mixin/ClientPlayNetworkHandlerMixin.java:52: warning: Unable to determine descriptor for @Inject target method
   @Inject(
   ^
/home/runner/work/minecraftclient/minecraftclient/src/main/java/com/swyzzyaddon/mixin/ClientPlayNetworkHandlerMixin.java:61: warning: Unable to determine descriptor for @Inject target method
   @Inject(
   ^
/home/runner/work/minecraftclient/minecraftclient/src/main/java/com/swyzzyaddon/mixin/ClientPlayNetworkHandlerMixin.java:70: warning: Unable to determine descriptor for @Inject target method
   @Inject(
   ^
/home/runner/work/minecraftclient/minecraftclient/src/main/java/com/swyzzyaddon/mixin/ClientCommonNetworkHandlerMixin.java:13: warning: Unable to determine descriptor for @Inject target method
   @Inject(
   ^
/home/runner/work/minecraftclient/minecraftclient/src/main/java/com/swyzzyaddon/mixin/CameraMixin.java:42: warning: Unable to determine descriptor for @Inject target method
   @Inject(
   ^
/home/runner/work/minecraftclient/minecraftclient/src/main/java/com/swyzzyaddon/mixin/MouseMixin.java:28: warning: Unable to determine descriptor for @Inject target method
   @Inject(
   ^
/home/runner/work/minecraftclient/minecraftclient/src/main/java/com/swyzzyaddon/mixin/ClientWorldMixin.java:14: warning: Unable to determine descriptor for @Inject target method
   @Inject(
   ^
/home/runner/work/minecraftclient/minecraftclient/src/main/java/dev/sixseven/mixin/GuiSidebarMixin.java:52: warning: Unable to locate method mapping for @At(INVOKE.<target>) 'Lnet/minecraft/DrawContext;drawText(Lnet/minecraft/TextRenderer;Lnet/minecraft/Text;IIIZ)V'
   @ModifyArg(
   ^
/home/runner/work/minecraftclient/minecraftclient/src/main/java/dev/sixseven/mixin/GameRendererMixin.java:47: warning: Cannot find target method "render(Lnet/minecraft/RenderTickCounter;Z)V" for @ModifyArg.method="render(Lnet/minecraft/RenderTickCounter;Z)V" in net.minecraft.client.render.GameRenderer
   @ModifyArg(
   ^
/home/runner/work/minecraftclient/minecraftclient/src/main/java/dev/sixseven/mixin/GameRendererMixin.java:47: warning: Unable to locate method mapping for @At(INVOKE.<target>) 'Lnet/minecraft/GlobalSettings;set(IIDJLnet/minecraft/RenderTickCounter;ILnet/minecraft/Camera;Z)V'
   @ModifyArg(
   ^
/home/runner/work/minecraftclient/minecraftclient/src/main/java/dev/sixseven/mixin/CameraFreeLookMixin.java:15: warning: Unable to locate method mapping for @At(INVOKE.<target>) 'Lnet/minecraft/Camera;setRotation(FF)V'
   @ModifyArgs(
   ^
/home/runner/work/minecraftclient/minecraftclient/src/main/java/dev/sixseven/mixin/GuiSidebarMixin.java:32: warning: Unable to locate method mapping for @At(INVOKE.<target>) 'Lnet/minecraft/TextRenderer;getWidth(Lnet/minecraft/StringVisitable;)I'
   @Redirect(
   ^
/home/runner/work/minecraftclient/minecraftclient/src/main/java/dev/sixseven/mixin/ChatComponentMixin.java:13: warning: Cannot find target method "addMessage(Lnet/minecraft/Text;Lnet/minecraft/MessageSignatureData;Lnet/minecraft/MessageIndicator;)V" for @ModifyVariable.method="addMessage(Lnet/minecraft/Text;Lnet/minecraft/MessageSignatureData;Lnet/minecraft/MessageIndicator;)V" in net.minecraft.client.gui.hud.ChatHud
   @ModifyVariable(
   ^
/home/runner/work/minecraftclient/minecraftclient/src/main/java/com/swyzzyaddon/mixin/TextVisitFactoryMixin.java:11: warning: Cannot find target method "method_27473(Ljava/lang/String;ILnet/minecraft/class_2583;Lnet/minecraft/class_2583;Lnet/minecraft/class_5224;)Z" for @ModifyVariable.method="method_27473(Ljava/lang/String;ILnet/minecraft/class_2583;Lnet/minecraft/class_2583;Lnet/minecraft/class_5224;)Z" in net.minecraft.text.TextVisitFactory
   @ModifyVariable(
   ^
/home/runner/work/minecraftclient/minecraftclient/src/main/java/dev/sixseven/mixin/GameRendererMixin.java:73: warning: Cannot find target method "getFov(Lnet/minecraft/Camera;FZ)F" for @ModifyExpressionValue.method="getFov(Lnet/minecraft/Camera;FZ)F" in net.minecraft.client.render.GameRenderer
   @ModifyExpressionValue(
   ^
/home/runner/work/minecraftclient/minecraftclient/src/main/java/dev/sixseven/mixin/GameRendererMixin.java:73: warning: Unable to locate method mapping for @At(INVOKE.<target>) 'Lnet/minecraft/MathHelper;lerp(FFF)F'
   @ModifyExpressionValue(
   ^
/home/runner/work/minecraftclient/minecraftclient/src/main/java/dev/sixseven/mixin/GameRendererMixin.java:86: warning: Unable to locate method mapping for @At(INVOKE.<target>) 'Lnet/minecraft/Perspective;isFirstPerson()Z'
   @ModifyExpressionValue(
   ^
/home/runner/work/minecraftclient/minecraftclient/src/main/java/dev/sixseven/mixin/EquipmentLayerRendererMixin.java:18: warning: Cannot find target method "render(Lnet/minecraft/EquipmentModel$LayerType;Lnet/minecraft/RegistryKey;Lnet/minecraft/Model;Ljava/lang/Object;Lnet/minecraft/ItemStack;Lnet/minecraft/MatrixStack;Lnet/minecraft/OrderedRenderCommandQueue;ILnet/minecraft/Identifier;II)V" for @ModifyExpressionValue.method="render(Lnet/minecraft/EquipmentModel$LayerType;Lnet/minecraft/RegistryKey;Lnet/minecraft/Model;Ljava/lang/Object;Lnet/minecraft/ItemStack;Lnet/minecraft/MatrixStack;Lnet/minecraft/OrderedRenderCommandQueue;ILnet/minecraft/Identifier;II)V" in net.minecraft.client.render.entity.equipment.EquipmentRenderer
   @ModifyExpressionValue(
   ^
/home/runner/work/minecraftclient/minecraftclient/src/main/java/dev/sixseven/mixin/EquipmentLayerRendererMixin.java:18: warning: Unable to locate method mapping for @At(INVOKE.<target>) 'Lnet/minecraft/ItemStack;get(Lnet/minecraft/ComponentType;)Ljava/lang/Object;'
   @ModifyExpressionValue(
   ^
/home/runner/work/minecraftclient/minecraftclient/src/main/java/dev/sixseven/mixin/MouseHandlerMixin.java:66: warning: Unable to locate method mapping for @At(INVOKE.<target>) 'Lnet/minecraft/SimpleOption;getValue()Ljava/lang/Object;'
   @ModifyExpressionValue(
   ^
/home/runner/work/minecraftclient/minecraftclient/src/main/java/dev/sixseven/mixin/MouseHandlerMixin.java:66: warning: Unable to locate method mapping for @Slice[](from=@At(INVOKE.<target>)) 'Lnet/minecraft/GameOptions;getMouseSensitivity()Lnet/minecraft/SimpleOption;'
   @ModifyExpressionValue(
   ^
/home/runner/work/minecraftclient/minecraftclient/src/main/java/dev/sixseven/mixin/LightTextureMixin.java:13: warning: Unable to locate method mapping for @At(INVOKE.<target>) 'Lnet/minecraft/SimpleOption;getValue()Ljava/lang/Object;'
   @ModifyExpressionValue(
   ^
/home/runner/work/minecraftclient/minecraftclient/src/main/java/dev/sixseven/mixin/LightTextureMixin.java:13: warning: Unable to locate method mapping for @Slice[](from=@At(INVOKE.<target>)) 'Lnet/minecraft/GameOptions;getGamma()Lnet/minecraft/SimpleOption;'
   @ModifyExpressionValue(
   ^
/home/runner/work/minecraftclient/minecraftclient/src/main/java/dev/sixseven/mixin/GuiCrosshairMixin.java:29: warning: Unable to locate method mapping for @At(INVOKE.<target>) 'Lnet/minecraft/Perspective;isFirstPerson()Z'
   @ModifyExpressionValue(
   ^
/home/runner/work/minecraftclient/minecraftclient/src/main/java/dev/sixseven/mixin/GameRendererMixin.java:59: warning: Cannot find target method "getFov(Lnet/minecraft/Camera;FZ)F" for @ModifyReturnValue.method="getFov(Lnet/minecraft/Camera;FZ)F" in net.minecraft.client.render.GameRenderer
   @ModifyReturnValue(
   ^
/home/runner/work/minecraftclient/minecraftclient/src/main/java/com/swyzzyaddon/mixin/MouseMixin.java:15: warning: Unable to determine descriptor for @WrapOperation target method
   @WrapOperation(
   ^
/home/runner/work/minecraftclient/minecraftclient/src/main/java/com/swyzzyaddon/mixin/MouseMixin.java:15: warning: Unable to locate method mapping for @At(INVOKE.<target>) 'Lnet/minecraft/class_746;method_5872(DD)V'
   @WrapOperation(
   ^
/home/runner/work/minecraftclient/minecraftclient/src/main/java/com/swyzzyaddon/mixin/CameraMixin.java:20: warning: Cannot find target for @Shadow field in net.minecraft.client.render.Camera
   @Shadow
   ^
/home/runner/work/minecraftclient/minecraftclient/src/main/java/dev/sixseven/module/misc/StaffListModule.java:137: error: cannot find symbol
            client.getSoundManager().play(PositionedSoundInstance.ui(SoundEvents.BLOCK_NOTE_BLOCK_BELL.value(), 1.5F));
                                                                 ^
  symbol:   method ui(SoundEvent,float)
  location: class PositionedSoundInstance
/home/runner/work/minecraftclient/minecraftclient/src/main/java/dev/sixseven/module/misc/WeatherNotifierModule.java:83: error: cannot find symbol
            client.getSoundManager().play(PositionedSoundInstance.ui(SoundEvents.BLOCK_NOTE_BLOCK_BELL.value(), f));
                                                                 ^
  symbol:   method ui(SoundEvent,float)
  location: class PositionedSoundInstance
/home/runner/work/minecraftclient/minecraftclient/src/main/java/dev/sixseven/module/misc/NameProtectModule.java:108: error: cannot find symbol
      linkedHashMap.entrySet().removeIf(arg -> arg.getKey().equalsIgnoreCase(arg.getValue()));
                                                  ^
  symbol:   method getKey()
  location: variable arg of type Object
/home/runner/work/minecraftclient/minecraftclient/src/main/java/dev/sixseven/module/misc/NameProtectModule.java:108: error: cannot find symbol
      linkedHashMap.entrySet().removeIf(arg -> arg.getKey().equalsIgnoreCase(arg.getValue()));
                                                                                ^
  symbol:   method getValue()
  location: variable arg of type Object
/home/runner/work/minecraftclient/minecraftclient/src/main/java/dev/sixseven/module/misc/NameProtectModule.java:180: error: variable text is already defined in method rewrite(Text)
            } else if (value instanceof String text) {
                                               ^
/home/runner/work/minecraftclient/minecraftclient/src/main/java/dev/sixseven/module/misc/SkinProtectModule.java:108: error: cannot find symbol
         gameProfile.properties().putAll(linkedHashMultimap);
                    ^
  symbol:   method properties()
  location: variable gameProfile of type GameProfile
/home/runner/work/minecraftclient/minecraftclient/src/main/java/dev/sixseven/module/misc/SkinProtectModule.java:111: error: incompatible types: Optional<SkinTextures> cannot be converted to SkinTextures
                this.replacement = skinTextures;;
                                   ^
/home/runner/work/minecraftclient/minecraftclient/src/main/java/dev/sixseven/module/render/ChunkFinderModule.java:111: error: incompatible types: Object cannot be converted to Long
         for (Long lRaw : set) { long l = lRaw;
                          ^
/home/runner/work/minecraftclient/minecraftclient/src/main/java/dev/sixseven/module/misc/FakePayModule.java:136: error: cannot find symbol
      client.getSoundManager().play(PositionedSoundInstance.ui(sound, f));
                                                           ^
  symbol:   method ui(SoundEvent,float)
  location: class PositionedSoundInstance
/home/runner/work/minecraftclient/minecraftclient/src/main/java/dev/sixseven/suschunk/SusChunkScanner.java:194: error: incompatible types: Object cannot be converted to BlockPos
         for (BlockPos pos : list) {
                             ^
/home/runner/work/minecraftclient/minecraftclient/src/main/java/dev/sixseven/suschunk/SusChunkScanner.java:448: error: incompatible types: no instance(s) of type variable(s) E exist so that List<E> conforms to Set<Long>
            list2.add(new SusChunkScanner.Zone(List.copyOf(list3), Set.copyOf(set), currentScore2, d / (double)list3.size(), currentScore / (double)list3.size()));
                      ^
  where E is a type-variable:
    E extends Object declared in method <E>copyOf(Collection<? extends E>)
/home/runner/work/minecraftclient/minecraftclient/src/main/java/dev/sixseven/suschunk/SusChunkScanner.java:451: error: incompatible types: inference variable E has incompatible bounds
         return List.copyOf(list2);
                           ^
    equality constraints: Geode
    lower bounds: Zone
  where E is a type-variable:
    E extends Object declared in method <E>copyOf(Collection<? extends E>)
/home/runner/work/minecraftclient/minecraftclient/src/main/java/dev/sixseven/gui/IconPickerScreen.java:119: error: cannot find symbol
         matrix3x2fStack.pushMatrix();
                        ^
  symbol:   method pushMatrix()
  location: variable matrix3x2fStack of type MatrixStack
/home/runner/work/minecraftclient/minecraftclient/src/main/java/dev/sixseven/gui/IconPickerScreen.java:120: error: no suitable method found for translate(float,float)
         matrix3x2fStack.translate(f7 * f6, f8 * f6);
                        ^
    method MatrixStack.translate(double,double,double) is not applicable
      (actual and formal argument lists differ in length)
    method MatrixStack.translate(float,float,float) is not applicable
      (actual and formal argument lists differ in length)
    method MatrixStack.translate(Vec3d) is not applicable
      (actual and formal argument lists differ in length)
/home/runner/work/minecraftclient/minecraftclient/src/main/java/dev/sixseven/gui/IconPickerScreen.java:121: error: method scale in class MatrixStack cannot be applied to given types;
         matrix3x2fStack.scale(f9, f9);
                        ^
  required: float,float,float
  found:    float,float
  reason: actual and formal argument lists differ in length
/home/runner/work/minecraftclient/minecraftclient/src/main/java/dev/sixseven/gui/IconPickerScreen.java:123: error: cannot find symbol
         matrix3x2fStack.popMatrix();
                        ^
  symbol:   method popMatrix()
  location: variable matrix3x2fStack of type MatrixStack
/home/runner/work/minecraftclient/minecraftclient/src/main/java/dev/sixseven/gui/IconPickerScreen.java:337: error: cannot find symbol
            this.colorWidget.mouseClicked((double)f, (double)f3, _cb);
                                                                 ^
  symbol:   variable _cb
  location: class IconPickerScreen
/home/runner/work/minecraftclient/minecraftclient/src/main/java/dev/sixseven/gui/IconPickerScreen.java:363: error: cannot find symbol
               if (_cb == 1) {
                   ^
  symbol:   variable _cb
  location: class IconPickerScreen
/home/runner/work/minecraftclient/minecraftclient/src/main/java/dev/sixseven/gui/IconPickerScreen.java:365: error: cannot find symbol
               } else if (_cb == 0) {
                          ^
  symbol:   variable _cb
  location: class IconPickerScreen
/home/runner/work/minecraftclient/minecraftclient/src/main/java/dev/sixseven/gui/IconPickerScreen.java:457: error: cannot find symbol
         return super.keyPressed(_key, _scan, _mods);
                                              ^
  symbol:   variable _mods
  location: class IconPickerScreen
/home/runner/work/minecraftclient/minecraftclient/src/main/java/dev/sixseven/hud/components/RadarHud.java:102: error: cannot find symbol
                     int step = NVGImages.wrapGlTexture(abstractClientPlayerEntity.getSkin().texture(), 64, 64);
                                                                                  ^
  symbol:   method getSkin()
  location: variable abstractClientPlayerEntity of type AbstractClientPlayerEntity
/home/runner/work/minecraftclient/minecraftclient/src/main/java/dev/sixseven/render/StorageEspRenderer.java:119: error: incompatible types: Vec3d cannot be converted to Vector3fc
            Vector3fc camera = client.gameRenderer.getCamera().getPos();
                                                                     ^
/home/runner/work/minecraftclient/minecraftclient/src/main/java/dev/sixseven/render/MiscBlockEspRenderer.java:28: error: incompatible types: bad type in conditional expression
            Vector3fc client = found2 ? MinecraftClient.getInstance().gameRenderer.getCamera().getPos() : null;
                                                                                                     ^
    Vec3d cannot be converted to Vector3fc
/home/runner/work/minecraftclient/minecraftclient/src/main/java/dev/sixseven/render/WorldNametagRenderer.java:254: error: cannot find symbol
                                    MatrixStack matrix3x2fStack = context.getMatrices();
                                    ^
  symbol:   class MatrixStack
  location: class WorldNametagRenderer
/home/runner/work/minecraftclient/minecraftclient/src/main/java/dev/sixseven/render/BlockOutlineRenderer.java:31: error: cannot find symbol
        return mod.pulse.get() ? (float)(Math.sin(t * 2.0 * Math.PI * mod.pulseSpeed.getFloat()) * 0.5 + 0.5) : 1.0f;
                  ^
  symbol:   variable pulse
  location: variable mod of type BlockOutlineModule
/home/runner/work/minecraftclient/minecraftclient/src/main/java/dev/sixseven/render/BlockOutlineRenderer.java:31: error: cannot find symbol
        return mod.pulse.get() ? (float)(Math.sin(t * 2.0 * Math.PI * mod.pulseSpeed.getFloat()) * 0.5 + 0.5) : 1.0f;
                                                                         ^
  symbol:   variable pulseSpeed
  location: variable mod of type BlockOutlineModule
/home/runner/work/minecraftclient/minecraftclient/src/main/java/dev/sixseven/render/HoleEspRenderer.java:72: error: incompatible types: bad type in conditional expression
         Vector3fc client = found ? MinecraftClient.getInstance().gameRenderer.getCamera().getPos() : null;
                                                                                                 ^
    Vec3d cannot be converted to Vector3fc
/home/runner/work/minecraftclient/minecraftclient/src/main/java/dev/sixseven/render/HoleEspRenderer.java:74: error: incompatible types: Object cannot be converted to Hole
         for (HoleEspRenderer.Hole hole : list) {
                                          ^
/home/runner/work/minecraftclient/minecraftclient/src/main/java/dev/sixseven/render/HitParticleRenderer.java:63: error: incompatible types: Object cannot be converted to Shock
            for (HitParticlesModule.Shock shock : deque2) {
                                                  ^
/home/runner/work/minecraftclient/minecraftclient/src/main/java/dev/sixseven/render/HitParticleRenderer.java:69: error: incompatible types: Object cannot be converted to HitParticle
            for (HitParticlesModule.HitParticle hitParticle : deque) {
                                                              ^
/home/runner/work/minecraftclient/minecraftclient/src/main/java/dev/sixseven/render/HitParticleRenderer.java:82: error: incompatible types: Object cannot be converted to HitParticle
            for (HitParticlesModule.HitParticle hitParticle2 : deque) {
                                                               ^
/home/runner/work/minecraftclient/minecraftclient/src/main/java/dev/sixseven/render/HitParticleRenderer.java:95: error: cannot find symbol
               VertexConsumer consumer3 = immediate.getBuffer(RenderLayers.entityTranslucentEmissive(TEXTURE_67));
                                                                          ^
  symbol:   method entityTranslucentEmissive(Identifier)
  location: class RenderLayers
/home/runner/work/minecraftclient/minecraftclient/src/main/java/dev/sixseven/render/HitParticleRenderer.java:97: error: incompatible types: Object cannot be converted to HitParticle
               for (HitParticlesModule.HitParticle hitParticle3 : deque) {
                                                                  ^
/home/runner/work/minecraftclient/minecraftclient/src/main/java/dev/sixseven/render/AccessoryRenderer.java:105: error: cannot find symbol
            VertexConsumer consumer4 = immediate.getBuffer(RenderLayers.entityTranslucentEmissive(TEXTURE_67));
                                                                       ^
  symbol:   method entityTranslucentEmissive(Identifier)
  location: class RenderLayers
/home/runner/work/minecraftclient/minecraftclient/src/main/java/dev/sixseven/render/AccessoryRenderer.java:252: error: incompatible types: Object cannot be converted to TrailNode
         for (CustomAccessoriesModule.TrailNode trailNode2 : deque) {
                                                             ^
/home/runner/work/minecraftclient/minecraftclient/src/main/java/dev/sixseven/render/AccessoryRenderer.java:298: error: incompatible types: Object cannot be converted to TrailNode
      for (CustomAccessoriesModule.TrailNode trailNode : deque) {
                                                         ^
/home/runner/work/minecraftclient/minecraftclient/src/main/java/dev/sixseven/render/AccessoryRenderer.java:330: error: incompatible types: Object cannot be converted to TrailNode
      for (CustomAccessoriesModule.TrailNode trailNode : deque) {
                                                         ^
/home/runner/work/minecraftclient/minecraftclient/src/main/java/dev/sixseven/render/BlockEspRenderer.java:114: error: bad operand types for binary operator '&'
            int n9 = map.getOrDefault(hit.block(), n) & 16777215;
                                                      ^
  first type:  Object
  second type: int
/home/runner/work/minecraftclient/minecraftclient/src/main/java/dev/sixseven/render/BlockEspRenderer.java:154: error: incompatible types: Vec3d cannot be converted to Vector3fc
            Vector3fc client = MinecraftClient.getInstance().gameRenderer.getCamera().getPos();
                                                                                            ^
/home/runner/work/minecraftclient/minecraftclient/src/main/java/dev/sixseven/render/BlockEspRenderer.java:157: error: bad operand types for binary operator '&'
               int n12 = map.getOrDefault(hit2.block(), n) & 16777215;
                                                           ^
  first type:  Object
  second type: int
/home/runner/work/minecraftclient/minecraftclient/src/main/java/dev/sixseven/render/BlockEntityEspRenderer.java:31: error: incompatible types: bad type in conditional expression
            Vector3fc camera = found2 ? client.gameRenderer.getCamera().getPos() : null;
                                                                              ^
    Vec3d cannot be converted to Vector3fc
/home/runner/work/minecraftclient/minecraftclient/src/main/java/dev/sixseven/render/BlockEntityEspRenderer.java:33: error: incompatible types: Object cannot be converted to Cached
            for (BlockEntityEspModule.Cached cached : collection) {
                                                      ^
/home/runner/work/minecraftclient/minecraftclient/src/main/java/dev/sixseven/render/nanovg/NVGImages.java:95: error: cannot find symbol
         int localZ = client.getGlId();
                            ^
  symbol:   method getGlId()
  location: variable client of type AbstractTexture
/home/runner/work/minecraftclient/minecraftclient/src/main/java/dev/sixseven/render/JumpCircleRenderer.java:41: error: cannot find symbol
            VertexConsumer consumer = immediate.getBuffer(RenderLayers.entityTranslucentEmissive(TEXTURE_67));
                                                                      ^
  symbol:   method entityTranslucentEmissive(Identifier)
  location: class RenderLayers
/home/runner/work/minecraftclient/minecraftclient/src/main/java/dev/sixseven/render/JumpCircleRenderer.java:43: error: incompatible types: Object cannot be converted to JumpCircle
            for (JumpCirclesModule.JumpCircle jumpCircle : deque) {
                                                           ^
/home/runner/work/minecraftclient/minecraftclient/src/main/java/dev/sixseven/render/JumpCircleRenderer.java:48: error: cannot find symbol
               VertexConsumer consumer2 = immediate.getBuffer(RenderLayers.entityTranslucentEmissive(TEXTURE_RING));
                                                                          ^
  symbol:   method entityTranslucentEmissive(Identifier)
  location: class RenderLayers
/home/runner/work/minecraftclient/minecraftclient/src/main/java/dev/sixseven/render/JumpCircleRenderer.java:50: error: incompatible types: Object cannot be converted to JumpCircle
               for (JumpCirclesModule.JumpCircle jumpCircle2 : deque) {
                                                               ^
/home/runner/work/minecraftclient/minecraftclient/src/main/java/dev/sixseven/util/UiSounds.java:25: error: cannot find symbol
         MinecraftClient.getInstance().getSoundManager().play(PositionedSoundInstance.ui(sound, f));
                                                                                     ^
  symbol:   method ui(SoundEvent,float)
  location: class PositionedSoundInstance
/home/runner/work/minecraftclient/minecraftclient/src/main/java/dev/sixseven/suschunk/ServerLightCache.java:174: error: incompatible types: List<Object> cannot be converted to List<BlockPos>
      return (List<BlockPos>)(list == null ? List.of() : list);
                             ^
/home/runner/work/minecraftclient/minecraftclient/src/main/java/dev/sixseven/mixin/LocalPlayerFreecamMixin.java:30: error: incompatible types: LocalPlayerFreecamMixin cannot be converted to ClientPlayerEntity
      ClientPlayerEntity player = (ClientPlayerEntity)this;
                                                      ^
/home/runner/work/minecraftclient/minecraftclient/src/main/java/dev/sixseven/mixin/LocalPlayerFreecamMixin.java:35: error: incompatible types: ClientPlayerEntity cannot be converted to MinecraftClient
            FreecamModule.reapplyBodyInput(player);
                                           ^
/home/runner/work/minecraftclient/minecraftclient/src/main/java/dev/sixseven/mixin/GuiSidebarMixin.java:28: error: cannot find symbol
         temp.beginSidebar();
         ^
  symbol:   variable temp
  location: class GuiSidebarMixin
/home/runner/work/minecraftclient/minecraftclient/src/main/java/dev/sixseven/mixin/GuiSidebarMixin.java:42: error: cannot find symbol
      if (fakeStatsModule != null && temp2 instanceof Text text) {
                                     ^
  symbol:   variable temp2
  location: class GuiSidebarMixin
/home/runner/work/minecraftclient/minecraftclient/src/main/java/dev/sixseven/mixin/GuiSidebarMixin.java:44: error: cannot find symbol
            return temp.getWidth(fakeStatsModule.rewriteForWidth(text));
                   ^
  symbol:   variable temp
  location: class GuiSidebarMixin
/home/runner/work/minecraftclient/minecraftclient/src/main/java/dev/sixseven/mixin/GuiSidebarMixin.java:49: error: cannot find symbol
      return temp.getWidth(temp2);
                           ^
  symbol:   variable temp2
  location: class GuiSidebarMixin
/home/runner/work/minecraftclient/minecraftclient/src/main/java/dev/sixseven/mixin/GuiSidebarMixin.java:49: error: cannot find symbol
      return temp.getWidth(temp2);
             ^
  symbol:   variable temp
  location: class GuiSidebarMixin
/home/runner/work/minecraftclient/minecraftclient/src/main/java/dev/sixseven/mixin/GuiSidebarMixin.java:65: error: cannot find symbol
            return fakeStatsModule.rewriteForDraw(temp);
                                                  ^
  symbol:   variable temp
  location: class GuiSidebarMixin
/home/runner/work/minecraftclient/minecraftclient/src/main/java/dev/sixseven/mixin/GuiSidebarMixin.java:70: error: cannot find symbol
      return temp;
             ^
  symbol:   variable temp
  location: class GuiSidebarMixin
/home/runner/work/minecraftclient/minecraftclient/src/main/java/dev/sixseven/mixin/MouseHandlerFreecamMixin.java:29: error: variable d is already defined in method sixsevenclient$freecamMouse(double,CallbackInfo)
            double d = (Double)client.options.getMouseSensitivity().getValue() * 0.6 + 0.2;
                   ^
/home/runner/work/minecraftclient/minecraftclient/src/main/java/dev/sixseven/mixin/MouseHandlerFreecamMixin.java:36: error: cannot find symbol
            temp.cancel();
            ^
  symbol:   variable temp
  location: class MouseHandlerFreecamMixin
/home/runner/work/minecraftclient/minecraftclient/src/main/java/dev/sixseven/mixin/EntityFreecamMixin.java:20: error: incompatible types: EntityFreecamMixin cannot be converted to Entity
      Entity entity = (Entity)this;
                              ^
/home/runner/work/minecraftclient/minecraftclient/src/main/java/dev/sixseven/mixin/EntityFreecamMixin.java:22: error: cannot find symbol
      if (client.player != null && entity == client.player && temp == client.player) {
                                                              ^
  symbol:   variable temp
  location: class EntityFreecamMixin
/home/runner/work/minecraftclient/minecraftclient/src/main/java/dev/sixseven/mixin/EntityFreecamMixin.java:25: error: cannot find symbol
            temp2.setReturnValue(false);
            ^
  symbol:   variable temp2
  location: class EntityFreecamMixin
/home/runner/work/minecraftclient/minecraftclient/src/main/java/dev/sixseven/mixin/EntityFreeLookMixin.java:20: error: incomparable types: EntityFreeLookMixin and ClientPlayerEntity
      if (this == client.player) {
               ^
/home/runner/work/minecraftclient/minecraftclient/src/main/java/dev/sixseven/mixin/EntityFreeLookMixin.java:23: error: cannot find symbol
            freeLookModule.addCameraLook(temp, temp3);
                                         ^
  symbol:   variable temp
  location: class EntityFreeLookMixin
/home/runner/work/minecraftclient/minecraftclient/src/main/java/dev/sixseven/mixin/EntityFreeLookMixin.java:23: error: cannot find symbol
            freeLookModule.addCameraLook(temp, temp3);
                                               ^
  symbol:   variable temp3
  location: class EntityFreeLookMixin
/home/runner/work/minecraftclient/minecraftclient/src/main/java/dev/sixseven/mixin/EntityFreeLookMixin.java:24: error: cannot find symbol
            temp2.cancel();
            ^
  symbol:   variable temp2
  location: class EntityFreeLookMixin
/home/runner/work/minecraftclient/minecraftclient/src/main/java/dev/sixseven/mixin/GameRendererMixin.java:44: error: cannot find symbol
      WorldProjection.capture(temp2, temp.getTickProgress(false));
                              ^
  symbol:   variable temp2
  location: class GameRendererMixin
/home/runner/work/minecraftclient/minecraftclient/src/main/java/dev/sixseven/mixin/GameRendererMixin.java:44: error: cannot find symbol
      WorldProjection.capture(temp2, temp.getTickProgress(false));
                                     ^
  symbol:   variable temp
  location: class GameRendererMixin
/home/runner/work/minecraftclient/minecraftclient/src/main/java/dev/sixseven/mixin/GameRendererMixin.java:56: error: cannot find symbol
      return BlurHook.apply(temp);
                            ^
  symbol:   variable temp
  location: class GameRendererMixin
/home/runner/work/minecraftclient/minecraftclient/src/main/java/dev/sixseven/mixin/GameRendererMixin.java:66: error: package temp does not exist
         double d = temp.zoom.currentFactor();
                        ^
/home/runner/work/minecraftclient/minecraftclient/src/main/java/dev/sixseven/mixin/GameRendererMixin.java:67: error: cannot find symbol
         return d > 1.0001 ? (float)((double)temp2 / d) : temp2;
                                             ^
  symbol:   variable temp2
  location: class GameRendererMixin
/home/runner/work/minecraftclient/minecraftclient/src/main/java/dev/sixseven/mixin/GameRendererMixin.java:67: error: cannot find symbol
         return d > 1.0001 ? (float)((double)temp2 / d) : temp2;
                                                          ^
  symbol:   variable temp2
  location: class GameRendererMixin
/home/runner/work/minecraftclient/minecraftclient/src/main/java/dev/sixseven/mixin/GameRendererMixin.java:69: error: cannot find symbol
         return temp;
                ^
  symbol:   variable temp
  location: class GameRendererMixin
/home/runner/work/minecraftclient/minecraftclient/src/main/java/dev/sixseven/mixin/GameRendererMixin.java:83: error: cannot find symbol
      return moduleManager != null && moduleManager.customFov != null ? moduleManager.customFov.fovMultiplier(temp) : temp;
                                                                                                              ^
  symbol:   variable temp
  location: class GameRendererMixin
/home/runner/work/minecraftclient/minecraftclient/src/main/java/dev/sixseven/mixin/GameRendererMixin.java:83: error: cannot find symbol
      return moduleManager != null && moduleManager.customFov != null ? moduleManager.customFov.fovMultiplier(temp) : temp;
                                                                                                                      ^
  symbol:   variable temp
  location: class GameRendererMixin
/home/runner/work/minecraftclient/minecraftclient/src/main/java/dev/sixseven/mixin/GameRendererMixin.java:95: error: cannot find symbol
      return freecamModule != null && freecamModule.isActive() && freecamModule.renderHands() ? true : temp;
                                                                                                       ^
  symbol:   variable temp
  location: class GameRendererMixin
/home/runner/work/minecraftclient/minecraftclient/src/main/java/dev/sixseven/mixin/EquipmentLayerRendererMixin.java:28: error: cannot find symbol
         return temp;
                ^
  symbol:   variable temp
  location: class EquipmentLayerRendererMixin
/home/runner/work/minecraftclient/minecraftclient/src/main/java/dev/sixseven/mixin/EquipmentLayerRendererMixin.java:32: error: cannot find symbol
            return !armorTrimHiderModule.affectsOwn() && sixsevenclient$isLocalPlayer(temp3) ? temp : armorTrimHiderModule.mapTrim(temp2, (ArmorTrim)temp);
                                                                                      ^
  symbol:   variable temp3
  location: class EquipmentLayerRendererMixin
/home/runner/work/minecraftclient/minecraftclient/src/main/java/dev/sixseven/mixin/EquipmentLayerRendererMixin.java:32: error: cannot find symbol
            return !armorTrimHiderModule.affectsOwn() && sixsevenclient$isLocalPlayer(temp3) ? temp : armorTrimHiderModule.mapTrim(temp2, (ArmorTrim)temp);
                                                                                               ^
  symbol:   variable temp
  location: class EquipmentLayerRendererMixin
/home/runner/work/minecraftclient/minecraftclient/src/main/java/dev/sixseven/mixin/EquipmentLayerRendererMixin.java:32: error: cannot find symbol
            return !armorTrimHiderModule.affectsOwn() && sixsevenclient$isLocalPlayer(temp3) ? temp : armorTrimHiderModule.mapTrim(temp2, (ArmorTrim)temp);
                                                                                                                                   ^
  symbol:   variable temp2
  location: class EquipmentLayerRendererMixin
/home/runner/work/minecraftclient/minecraftclient/src/main/java/dev/sixseven/mixin/EquipmentLayerRendererMixin.java:32: error: cannot find symbol
            return !armorTrimHiderModule.affectsOwn() && sixsevenclient$isLocalPlayer(temp3) ? temp : armorTrimHiderModule.mapTrim(temp2, (ArmorTrim)temp);
                                                                                                                                                     ^
  symbol:   variable temp
  location: class EquipmentLayerRendererMixin
/home/runner/work/minecraftclient/minecraftclient/src/main/java/dev/sixseven/mixin/EquipmentLayerRendererMixin.java:34: error: cannot find symbol
            return temp;
                   ^
  symbol:   variable temp
  location: class EquipmentLayerRendererMixin
/home/runner/work/minecraftclient/minecraftclient/src/main/java/dev/sixseven/mixin/EquipmentLayerRendererMixin.java:40: error: cannot find symbol
      if (!(temp instanceof PlayerEntityRenderState playerEntityRenderState)) {
            ^
  symbol:   variable temp
  location: class EquipmentLayerRendererMixin
/home/runner/work/minecraftclient/minecraftclient/src/main/java/dev/sixseven/mixin/MultiPlayerGameModeAttackMixin.java:24: error: cannot find symbol
            moduleManager.hitParticles.onHit(temp);
                                             ^
  symbol:   variable temp
  location: class MultiPlayerGameModeAttackMixin
/home/runner/work/minecraftclient/minecraftclient/src/main/java/dev/sixseven/mixin/MouseHandlerMixin.java:32: error: variable d is already defined in method sixsevenclient$aimAssist(double,CallbackInfo)
         double[] d = temp.aimAssist.computePixels(temp2, this.cursorDeltaX, this.cursorDeltaY);
                  ^
/home/runner/work/minecraftclient/minecraftclient/src/main/java/dev/sixseven/mixin/MouseHandlerMixin.java:32: error: cannot find symbol
         double[] d = temp.aimAssist.computePixels(temp2, this.cursorDeltaX, this.cursorDeltaY);
                                                   ^
  symbol:   variable temp2
  location: class MouseHandlerMixin
/home/runner/work/minecraftclient/minecraftclient/src/main/java/dev/sixseven/mixin/MouseHandlerMixin.java:32: error: package temp does not exist
         double[] d = temp.aimAssist.computePixels(temp2, this.cursorDeltaX, this.cursorDeltaY);
                          ^
/home/runner/work/minecraftclient/minecraftclient/src/main/java/dev/sixseven/mixin/MouseHandlerMixin.java:47: error: cannot find symbol
      if (temp == client.getWindow().getHandle()) {
          ^
  symbol:   variable temp
  location: class MouseHandlerMixin
/home/runner/work/minecraftclient/minecraftclient/src/main/java/dev/sixseven/mixin/MouseHandlerMixin.java:48: error: cannot find symbol
         if (temp4 == 1 && client.currentScreen == null) {
             ^
  symbol:   variable temp4
  location: class MouseHandlerMixin
/home/runner/work/minecraftclient/minecraftclient/src/main/java/dev/sixseven/mixin/MouseHandlerMixin.java:53: error: cannot find symbol
            if (temp4 == 1) {
                ^
  symbol:   variable temp4
  location: class MouseHandlerMixin
/home/runner/work/minecraftclient/minecraftclient/src/main/java/dev/sixseven/mixin/MouseHandlerMixin.java:55: error: cannot find symbol
                  temp2.cancel();
                  ^
  symbol:   variable temp2
  location: class MouseHandlerMixin
/home/runner/work/minecraftclient/minecraftclient/src/main/java/dev/sixseven/mixin/MouseHandlerMixin.java:57: error: cannot find symbol
            } else if (temp4 == 0 && HudDragController.isDragging()) {
                       ^
  symbol:   variable temp4
  location: class MouseHandlerMixin
/home/runner/work/minecraftclient/minecraftclient/src/main/java/dev/sixseven/mixin/MouseHandlerMixin.java:60: error: cannot find symbol
               temp2.cancel();
               ^
  symbol:   variable temp2
  location: class MouseHandlerMixin
/home/runner/work/minecraftclient/minecraftclient/src/main/java/dev/sixseven/mixin/MouseHandlerMixin.java:81: error: cannot find symbol
      if (moduleManager != null && moduleManager.zoom != null && temp instanceof Double value) {
                                                                 ^
  symbol:   variable temp
  location: class MouseHandlerMixin
/home/runner/work/minecraftclient/minecraftclient/src/main/java/dev/sixseven/mixin/MouseHandlerMixin.java:84: error: cannot find symbol
            return temp;
                   ^
  symbol:   variable temp
  location: class MouseHandlerMixin
/home/runner/work/minecraftclient/minecraftclient/src/main/java/dev/sixseven/mixin/MouseHandlerMixin.java:92: error: cannot find symbol
         return temp;
                ^
  symbol:   variable temp
  location: class MouseHandlerMixin
/home/runner/work/minecraftclient/minecraftclient/src/main/java/dev/sixseven/mixin/MouseHandlerMixin.java:103: error: cannot find symbol
      if (temp2 == client.getWindow().getHandle()
          ^
  symbol:   variable temp2
  location: class MouseHandlerMixin
/home/runner/work/minecraftclient/minecraftclient/src/main/java/dev/sixseven/mixin/MouseHandlerMixin.java:106: error: cannot find symbol
         && HudDragController.tryResize(SixSevenClient.hud(), temp)) {
                                                              ^
  symbol:   variable temp
  location: class MouseHandlerMixin
/home/runner/work/minecraftclient/minecraftclient/src/main/java/dev/sixseven/mixin/MouseHandlerMixin.java:107: error: cannot find symbol
         temp3.cancel();
         ^
  symbol:   variable temp3
  location: class MouseHandlerMixin
Note: /home/runner/work/minecraftclient/minecraftclient/src/main/java/dev/sixseven/render/HoleEspRenderer.java uses or overrides a deprecated API.
Note: Recompile with -Xlint:deprecation for details.
Note: Some input files use unchecked or unsafe operations.
Note: Recompile with -Xlint:unchecked for details.
Note: Some messages have been simplified; recompile with -Xdiags:verbose to get full output
100 errors
41 warnings
	at org.gradle.api.internal.tasks.compile.JdkJavaCompiler.execute(JdkJavaCompiler.java:89)
	at org.gradle.api.internal.tasks.compile.JdkJavaCompiler.execute(JdkJavaCompiler.java:50)
	at org.gradle.api.internal.tasks.compile.NormalizingJavaCompiler.delegateAndHandleErrors(NormalizingJavaCompiler.java:98)
	at org.gradle.api.internal.tasks.compile.NormalizingJavaCompiler.execute(NormalizingJavaCompiler.java:52)
	at org.gradle.api.internal.tasks.compile.NormalizingJavaCompiler.execute(NormalizingJavaCompiler.java:38)
	at org.gradle.api.internal.tasks.compile.AnnotationProcessorDiscoveringCompiler.execute(AnnotationProcessorDiscoveringCompiler.java:52)
	at org.gradle.api.internal.tasks.compile.AnnotationProcessorDiscoveringCompiler.execute(AnnotationProcessorDiscoveringCompiler.java:38)
	at org.gradle.api.internal.tasks.compile.ModuleApplicationNameWritingCompiler.execute(ModuleApplicationNameWritingCompiler.java:46)
	at org.gradle.api.internal.tasks.compile.ModuleApplicationNameWritingCompiler.execute(ModuleApplicationNameWritingCompiler.java:36)
	at org.gradle.jvm.toolchain.internal.DefaultToolchainJavaCompiler.execute(DefaultToolchainJavaCompiler.java:57)
	at org.gradle.api.tasks.compile.JavaCompile.lambda$createToolchainCompiler$3(JavaCompile.java:206)
	at org.gradle.api.internal.tasks.compile.CleaningJavaCompiler.execute(CleaningJavaCompiler.java:53)
	at org.gradle.api.internal.tasks.compile.incremental.IncrementalCompilerFactory.lambda$createRebuildAllCompiler$0(IncrementalCompilerFactory.java:55)
	at org.gradle.api.internal.tasks.compile.incremental.SelectiveCompiler.execute(SelectiveCompiler.java:70)
	at org.gradle.api.internal.tasks.compile.incremental.SelectiveCompiler.execute(SelectiveCompiler.java:44)
	at org.gradle.api.internal.tasks.compile.incremental.IncrementalResultStoringCompiler.execute(IncrementalResultStoringCompiler.java:66)
	at org.gradle.api.internal.tasks.compile.incremental.IncrementalResultStoringCompiler.execute(IncrementalResultStoringCompiler.java:52)
	at org.gradle.api.internal.tasks.compile.CompileJavaBuildOperationReportingCompiler$1.call(CompileJavaBuildOperationReportingCompiler.java:64)
	at org.gradle.api.internal.tasks.compile.CompileJavaBuildOperationReportingCompiler$1.call(CompileJavaBuildOperationReportingCompiler.java:48)
	at org.gradle.internal.operations.DefaultBuildOperationRunner$CallableBuildOperationWorker.execute(DefaultBuildOperationRunner.java:210)
	at org.gradle.internal.operations.DefaultBuildOperationRunner$CallableBuildOperationWorker.execute(DefaultBuildOperationRunner.java:205)
	at org.gradle.internal.operations.DefaultBuildOperationRunner$2.execute(DefaultBuildOperationRunner.java:67)
	at org.gradle.internal.operations.DefaultBuildOperationRunner$2.execute(DefaultBuildOperationRunner.java:60)
	at org.gradle.internal.operations.DefaultBuildOperationRunner.execute(DefaultBuildOperationRunner.java:167)
	at org.gradle.internal.operations.DefaultBuildOperationRunner.execute(DefaultBuildOperationRunner.java:60)
	at org.gradle.internal.operations.DefaultBuildOperationRunner.call(DefaultBuildOperationRunner.java:54)
	at org.gradle.api.internal.tasks.compile.CompileJavaBuildOperationReportingCompiler.execute(CompileJavaBuildOperationReportingCompiler.java:48)
	at org.gradle.api.tasks.compile.JavaCompile.performCompilation(JavaCompile.java:224)
	at org.gradle.api.tasks.compile.JavaCompile.performIncrementalCompilation(JavaCompile.java:165)
	at org.gradle.api.tasks.compile.JavaCompile.compile(JavaCompile.java:150)
	at java.base/jdk.internal.reflect.DirectMethodHandleAccessor.invoke(DirectMethodHandleAccessor.java:103)
	at org.gradle.internal.reflect.JavaMethod.invoke(JavaMethod.java:125)
	at org.gradle.api.internal.project.taskfactory.IncrementalTaskAction.doExecute(IncrementalTaskAction.java:45)
	at org.gradle.api.internal.project.taskfactory.StandardTaskAction.execute(StandardTaskAction.java:51)
	at org.gradle.api.internal.project.taskfactory.IncrementalTaskAction.execute(IncrementalTaskAction.java:26)
	at org.gradle.api.internal.project.taskfactory.StandardTaskAction.execute(StandardTaskAction.java:29)
	at org.gradle.api.internal.tasks.execution.TaskExecution$3.run(TaskExecution.java:244)
	at org.gradle.internal.operations.DefaultBuildOperationRunner$1.execute(DefaultBuildOperationRunner.java:30)
	at org.gradle.internal.operations.DefaultBuildOperationRunner$1.execute(DefaultBuildOperationRunner.java:27)
	at org.gradle.internal.operations.DefaultBuildOperationRunner$2.execute(DefaultBuildOperationRunner.java:67)
	at org.gradle.internal.operations.DefaultBuildOperationRunner$2.execute(DefaultBuildOperationRunner.java:60)
	at org.gradle.internal.operations.DefaultBuildOperationRunner.execute(DefaultBuildOperationRunner.java:167)
	at org.gradle.internal.operations.DefaultBuildOperationRunner.execute(DefaultBuildOperationRunner.java:60)
	at org.gradle.internal.operations.DefaultBuildOperationRunner.run(DefaultBuildOperationRunner.java:48)
	at org.gradle.api.internal.tasks.execution.TaskExecution.executeAction(TaskExecution.java:229)
	at org.gradle.api.internal.tasks.execution.TaskExecution.executeActions(TaskExecution.java:212)
	at org.gradle.api.internal.tasks.execution.TaskExecution.executeWithPreviousOutputFiles(TaskExecution.java:195)
	at org.gradle.api.internal.tasks.execution.TaskExecution.execute(TaskExecution.java:162)
	at org.gradle.internal.execution.steps.ExecuteStep.executeInternal(ExecuteStep.java:105)
	at org.gradle.internal.execution.steps.ExecuteStep.access$000(ExecuteStep.java:44)
	at org.gradle.internal.execution.steps.ExecuteStep$1.call(ExecuteStep.java:59)
	at org.gradle.internal.execution.steps.ExecuteStep$1.call(ExecuteStep.java:56)
	at org.gradle.internal.operations.DefaultBuildOperationRunner$CallableBuildOperationWorker.execute(DefaultBuildOperationRunner.java:210)
	at org.gradle.internal.operations.DefaultBuildOperationRunner$CallableBuildOperationWorker.execute(DefaultBuildOperationRunner.java:205)
	at org.gradle.internal.operations.DefaultBuildOperationRunner$2.execute(DefaultBuildOperationRunner.java:67)
	at org.gradle.internal.operations.DefaultBuildOperationRunner$2.execute(DefaultBuildOperationRunner.java:60)
	at org.gradle.internal.operations.DefaultBuildOperationRunner.execute(DefaultBuildOperationRunner.java:167)
	at org.gradle.internal.operations.DefaultBuildOperationRunner.execute(DefaultBuildOperationRunner.java:60)
	at org.gradle.internal.operations.DefaultBuildOperationRunner.call(DefaultBuildOperationRunner.java:54)
	at org.gradle.internal.execution.steps.ExecuteStep.execute(ExecuteStep.java:56)
	at org.gradle.internal.execution.steps.ExecuteStep.execute(ExecuteStep.java:44)
	at org.gradle.internal.execution.steps.CancelExecutionStep.execute(CancelExecutionStep.java:42)
	at org.gradle.internal.execution.steps.TimeoutStep.executeWithoutTimeout(TimeoutStep.java:75)
	at org.gradle.internal.execution.steps.TimeoutStep.execute(TimeoutStep.java:55)
	at org.gradle.internal.execution.steps.PreCreateOutputParentsStep.execute(PreCreateOutputParentsStep.java:50)
	at org.gradle.internal.execution.steps.PreCreateOutputParentsStep.execute(PreCreateOutputParentsStep.java:28)
	at org.gradle.internal.execution.steps.RemovePreviousOutputsStep.execute(RemovePreviousOutputsStep.java:67)
	at org.gradle.internal.execution.steps.RemovePreviousOutputsStep.execute(RemovePreviousOutputsStep.java:37)
	at org.gradle.internal.execution.steps.BroadcastChangingOutputsStep.execute(BroadcastChangingOutputsStep.java:61)
	at org.gradle.internal.execution.steps.BroadcastChangingOutputsStep.execute(BroadcastChangingOutputsStep.java:26)
	at org.gradle.internal.execution.steps.CaptureOutputsAfterExecutionStep.execute(CaptureOutputsAfterExecutionStep.java:69)
	at org.gradle.internal.execution.steps.CaptureOutputsAfterExecutionStep.execute(CaptureOutputsAfterExecutionStep.java:46)
	at org.gradle.internal.execution.steps.ResolveInputChangesStep.execute(ResolveInputChangesStep.java:40)
	at org.gradle.internal.execution.steps.ResolveInputChangesStep.execute(ResolveInputChangesStep.java:29)
	at org.gradle.internal.execution.steps.BuildCacheStep.executeWithoutCache(BuildCacheStep.java:189)
	at org.gradle.internal.execution.steps.BuildCacheStep.lambda$execute$1(BuildCacheStep.java:75)
	at org.gradle.internal.Either$Right.fold(Either.java:175)
	at org.gradle.internal.execution.caching.CachingState.fold(CachingState.java:62)
	at org.gradle.internal.execution.steps.BuildCacheStep.execute(BuildCacheStep.java:73)
	at org.gradle.internal.execution.steps.BuildCacheStep.execute(BuildCacheStep.java:48)
	at org.gradle.internal.execution.steps.StoreExecutionStateStep.execute(StoreExecutionStateStep.java:46)
	at org.gradle.internal.execution.steps.StoreExecutionStateStep.execute(StoreExecutionStateStep.java:35)
	at org.gradle.internal.execution.steps.SkipUpToDateStep.executeBecause(SkipUpToDateStep.java:75)
	at org.gradle.internal.execution.steps.SkipUpToDateStep.lambda$execute$2(SkipUpToDateStep.java:53)
	at org.gradle.internal.execution.steps.SkipUpToDateStep.execute(SkipUpToDateStep.java:53)
	at org.gradle.internal.execution.steps.SkipUpToDateStep.execute(SkipUpToDateStep.java:35)
	at org.gradle.internal.execution.steps.legacy.MarkSnapshottingInputsFinishedStep.execute(MarkSnapshottingInputsFinishedStep.java:37)
	at org.gradle.internal.execution.steps.legacy.MarkSnapshottingInputsFinishedStep.execute(MarkSnapshottingInputsFinishedStep.java:27)
	at org.gradle.internal.execution.steps.ResolveIncrementalCachingStateStep.executeDelegate(ResolveIncrementalCachingStateStep.java:49)
	at org.gradle.internal.execution.steps.ResolveIncrementalCachingStateStep.executeDelegate(ResolveIncrementalCachingStateStep.java:27)
	at org.gradle.internal.execution.steps.AbstractResolveCachingStateStep.execute(AbstractResolveCachingStateStep.java:71)
	at org.gradle.internal.execution.steps.AbstractResolveCachingStateStep.execute(AbstractResolveCachingStateStep.java:39)
	at org.gradle.internal.execution.steps.ResolveChangesStep.execute(ResolveChangesStep.java:65)
	at org.gradle.internal.execution.steps.ResolveChangesStep.execute(ResolveChangesStep.java:36)
	at org.gradle.internal.execution.steps.ValidateStep.execute(ValidateStep.java:107)
	at org.gradle.internal.execution.steps.ValidateStep.execute(ValidateStep.java:56)
	at org.gradle.internal.execution.steps.AbstractCaptureStateBeforeExecutionStep.execute(AbstractCaptureStateBeforeExecutionStep.java:64)
	at org.gradle.internal.execution.steps.AbstractCaptureStateBeforeExecutionStep.execute(AbstractCaptureStateBeforeExecutionStep.java:43)
	at org.gradle.internal.execution.steps.AbstractSkipEmptyWorkStep.executeWithNonEmptySources(AbstractSkipEmptyWorkStep.java:125)
	at org.gradle.internal.execution.steps.AbstractSkipEmptyWorkStep.execute(AbstractSkipEmptyWorkStep.java:61)
	at org.gradle.internal.execution.steps.AbstractSkipEmptyWorkStep.execute(AbstractSkipEmptyWorkStep.java:36)
	at org.gradle.internal.execution.steps.legacy.MarkSnapshottingInputsStartedStep.execute(MarkSnapshottingInputsStartedStep.java:38)
	at org.gradle.internal.execution.steps.LoadPreviousExecutionStateStep.execute(LoadPreviousExecutionStateStep.java:36)
	at org.gradle.internal.execution.steps.LoadPreviousExecutionStateStep.execute(LoadPreviousExecutionStateStep.java:23)
	at org.gradle.internal.execution.steps.HandleStaleOutputsStep.execute(HandleStaleOutputsStep.java:75)
	at org.gradle.internal.execution.steps.HandleStaleOutputsStep.execute(HandleStaleOutputsStep.java:41)
	at org.gradle.internal.execution.steps.AssignMutableWorkspaceStep.lambda$execute$0(AssignMutableWorkspaceStep.java:35)
	at org.gradle.api.internal.tasks.execution.TaskExecution$4.withWorkspace(TaskExecution.java:289)
	at org.gradle.internal.execution.steps.AssignMutableWorkspaceStep.execute(AssignMutableWorkspaceStep.java:31)
	at org.gradle.internal.execution.steps.AssignMutableWorkspaceStep.execute(AssignMutableWorkspaceStep.java:22)
	at org.gradle.internal.execution.steps.ChoosePipelineStep.execute(ChoosePipelineStep.java:40)
	at org.gradle.internal.execution.steps.ChoosePipelineStep.execute(ChoosePipelineStep.java:23)
	at org.gradle.internal.execution.steps.ExecuteWorkBuildOperationFiringStep.lambda$execute$2(ExecuteWorkBuildOperationFiringStep.java:67)
	at org.gradle.internal.execution.steps.ExecuteWorkBuildOperationFiringStep.execute(ExecuteWorkBuildOperationFiringStep.java:67)
	at org.gradle.internal.execution.steps.ExecuteWorkBuildOperationFiringStep.execute(ExecuteWorkBuildOperationFiringStep.java:39)
	at org.gradle.internal.execution.steps.IdentityCacheStep.execute(IdentityCacheStep.java:46)
	at org.gradle.internal.execution.steps.IdentityCacheStep.execute(IdentityCacheStep.java:34)
	at org.gradle.internal.execution.steps.IdentifyStep.execute(IdentifyStep.java:48)
	at org.gradle.internal.execution.steps.IdentifyStep.execute(IdentifyStep.java:35)
	at org.gradle.internal.execution.impl.DefaultExecutionEngine$1.execute(DefaultExecutionEngine.java:61)
	at org.gradle.api.internal.tasks.execution.ExecuteActionsTaskExecuter.executeIfValid(ExecuteActionsTaskExecuter.java:127)
	at org.gradle.api.internal.tasks.execution.ExecuteActionsTaskExecuter.execute(ExecuteActionsTaskExecuter.java:116)
	at org.gradle.api.internal.tasks.execution.ProblemsTaskPathTrackingTaskExecuter.execute(ProblemsTaskPathTrackingTaskExecuter.java:40)
	at org.gradle.api.internal.tasks.execution.FinalizePropertiesTaskExecuter.execute(FinalizePropertiesTaskExecuter.java:46)
	at org.gradle.api.internal.tasks.execution.ResolveTaskExecutionModeExecuter.execute(ResolveTaskExecutionModeExecuter.java:51)
	at org.gradle.api.internal.tasks.execution.SkipTaskWithNoActionsExecuter.execute(SkipTaskWithNoActionsExecuter.java:57)
	at org.gradle.api.internal.tasks.execution.SkipOnlyIfTaskExecuter.execute(SkipOnlyIfTaskExecuter.java:74)
	at org.gradle.api.internal.tasks.execution.CatchExceptionTaskExecuter.execute(CatchExceptionTaskExecuter.java:36)
	at org.gradle.api.internal.tasks.execution.EventFiringTaskExecuter$1.executeTask(EventFiringTaskExecuter.java:77)
	at org.gradle.api.internal.tasks.execution.EventFiringTaskExecuter$1.call(EventFiringTaskExecuter.java:55)
	at org.gradle.api.internal.tasks.execution.EventFiringTaskExecuter$1.call(EventFiringTaskExecuter.java:52)
	at org.gradle.internal.operations.DefaultBuildOperationRunner$CallableBuildOperationWorker.execute(DefaultBuildOperationRunner.java:210)
	at org.gradle.internal.operations.DefaultBuildOperationRunner$CallableBuildOperationWorker.execute(DefaultBuildOperationRunner.java:205)
	at org.gradle.internal.operations.DefaultBuildOperationRunner$2.execute(DefaultBuildOperationRunner.java:67)
	at org.gradle.internal.operations.DefaultBuildOperationRunner$2.execute(DefaultBuildOperationRunner.java:60)
	at org.gradle.internal.operations.DefaultBuildOperationRunner.execute(DefaultBuildOperationRunner.java:167)
	at org.gradle.internal.operations.DefaultBuildOperationRunner.execute(DefaultBuildOperationRunner.java:60)
	at org.gradle.internal.operations.DefaultBuildOperationRunner.call(DefaultBuildOperationRunner.java:54)
	at org.gradle.api.internal.tasks.execution.EventFiringTaskExecuter.execute(EventFiringTaskExecuter.java:52)
	at org.gradle.execution.plan.LocalTaskNodeExecutor.execute(LocalTaskNodeExecutor.java:42)
	at org.gradle.execution.taskgraph.DefaultTaskExecutionGraph$InvokeNodeExecutorsAction.execute(DefaultTaskExecutionGraph.java:331)
	at org.gradle.execution.taskgraph.DefaultTaskExecutionGraph$InvokeNodeExecutorsAction.execute(DefaultTaskExecutionGraph.java:318)
	at org.gradle.execution.taskgraph.DefaultTaskExecutionGraph$BuildOperationAwareExecutionAction.lambda$execute$0(DefaultTaskExecutionGraph.java:314)
	at org.gradle.internal.operations.CurrentBuildOperationRef.with(CurrentBuildOperationRef.java:85)
	at org.gradle.execution.taskgraph.DefaultTaskExecutionGraph$BuildOperationAwareExecutionAction.execute(DefaultTaskExecutionGraph.java:314)
	at org.gradle.execution.taskgraph.DefaultTaskExecutionGraph$BuildOperationAwareExecutionAction.execute(DefaultTaskExecutionGraph.java:303)
	at org.gradle.execution.plan.DefaultPlanExecutor$ExecutorWorker.execute(DefaultPlanExecutor.java:459)
	at org.gradle.execution.plan.DefaultPlanExecutor$ExecutorWorker.run(DefaultPlanExecutor.java:376)
	at org.gradle.execution.plan.DefaultPlanExecutor.process(DefaultPlanExecutor.java:111)
	at org.gradle.execution.taskgraph.DefaultTaskExecutionGraph.executeWithServices(DefaultTaskExecutionGraph.java:138)
	at org.gradle.execution.taskgraph.DefaultTaskExecutionGraph.execute(DefaultTaskExecutionGraph.java:123)
	at org.gradle.execution.SelectedTaskExecutionAction.execute(SelectedTaskExecutionAction.java:35)
	at org.gradle.execution.DryRunBuildExecutionAction.execute(DryRunBuildExecutionAction.java:51)
	at org.gradle.execution.BuildOperationFiringBuildWorkerExecutor$ExecuteTasks.call(BuildOperationFiringBuildWorkerExecutor.java:54)
	at org.gradle.execution.BuildOperationFiringBuildWorkerExecutor$ExecuteTasks.call(BuildOperationFiringBuildWorkerExecutor.java:43)
	at org.gradle.internal.operations.DefaultBuildOperationRunner$CallableBuildOperationWorker.execute(DefaultBuildOperationRunner.java:210)
	at org.gradle.internal.operations.DefaultBuildOperationRunner$CallableBuildOperationWorker.execute(DefaultBuildOperationRunner.java:205)
	at org.gradle.internal.operations.DefaultBuildOperationRunner$2.execute(DefaultBuildOperationRunner.java:67)
	at org.gradle.internal.operations.DefaultBuildOperationRunner$2.execute(DefaultBuildOperationRunner.java:60)
	at org.gradle.internal.operations.DefaultBuildOperationRunner.execute(DefaultBuildOperationRunner.java:167)
	at org.gradle.internal.operations.DefaultBuildOperationRunner.execute(DefaultBuildOperationRunner.java:60)
	at org.gradle.internal.operations.DefaultBuildOperationRunner.call(DefaultBuildOperationRunner.java:54)
	at org.gradle.execution.BuildOperationFiringBuildWorkerExecutor.execute(BuildOperationFiringBuildWorkerExecutor.java:40)
	at org.gradle.internal.build.DefaultBuildLifecycleController.lambda$executeTasks$10(DefaultBuildLifecycleController.java:313)
	at org.gradle.internal.model.StateTransitionController.doTransition(StateTransitionController.java:266)
	at org.gradle.internal.model.StateTransitionController.lambda$tryTransition$8(StateTransitionController.java:177)
	at org.gradle.internal.work.DefaultSynchronizer.withLock(DefaultSynchronizer.java:46)
	at org.gradle.internal.model.StateTransitionController.tryTransition(StateTransitionController.java:177)
	at org.gradle.internal.build.DefaultBuildLifecycleController.executeTasks(DefaultBuildLifecycleController.java:304)
	at org.gradle.internal.build.DefaultBuildWorkGraphController$DefaultBuildWorkGraph.runWork(DefaultBuildWorkGraphController.java:220)
	at org.gradle.internal.work.DefaultWorkerLeaseService.withLocks(DefaultWorkerLeaseService.java:263)
	at org.gradle.internal.work.DefaultWorkerLeaseService.runAsWorkerThread(DefaultWorkerLeaseService.java:127)
	at org.gradle.composite.internal.DefaultBuildController.doRun(DefaultBuildController.java:181)
	at org.gradle.composite.internal.DefaultBuildController.access$000(DefaultBuildController.java:50)
	at org.gradle.composite.internal.DefaultBuildController$BuildOpRunnable.lambda$run$0(DefaultBuildController.java:198)
	at org.gradle.internal.operations.CurrentBuildOperationRef.with(CurrentBuildOperationRef.java:85)
	at org.gradle.composite.internal.DefaultBuildController$BuildOpRunnable.run(DefaultBuildController.java:198)
	at org.gradle.internal.concurrent.ExecutorPolicy$CatchAndRecordFailures.onExecute(ExecutorPolicy.java:64)
	at org.gradle.internal.concurrent.AbstractManagedExecutor$1.run(AbstractManagedExecutor.java:48)


Deprecated Gradle features were used in this build, making it incompatible with Gradle 9.0.

You can use '--warning-mode all' to show the individual deprecation warnings and determine if they come from your own scripts or plugins.

For more on this, please refer to https://docs.gradle.org/8.13/userguide/command_line_interface.html#sec:command_line_warnings in the Gradle documentation.

BUILD FAILED in 58s
1 actionable task: 1 executed
